original_name,korean_name,category_id,category_korean_name,fridge_days,freezer_days,room_temp_days,keywords
Butter,버터,7.0,유제품 및 계란,45.0,225.0,,Butter
Buttermilk,버터 밀크,7.0,유제품 및 계란,10.0,90.0,,Buttermilk
"Cheese (hard such as cheddar, swiss, block parmesan)","치즈 (체다, 스위스, 블록 파마산과 같은 하드)",7.0,유제품 및 계란,180.0,180.0,,"Cheese,cheddar, swiss,parmesan"
Cheese (parmesan shredded or grated),치즈 (파마산 파쇄 또는 강판),7.0,유제품 및 계란,360.0,,,"Cheese,parmesan,shredded,grated"
"Cheese (shredded cheddar, mozzarella, etc)","치즈 (파쇄 된 체다, 모짜렐라 등)",7.0,유제품 및 계란,30.0,105.0,,"Cheese,shredded,cheddar,mozzarella"
Cheese (processed slices),치즈 (가공 슬라이스),7.0,유제품 및 계란,24.0,,,"Cheese,processed slices,slices,slice"
"Cheese (soft such as brie, bel paese, goat)","치즈 (Brie, Bel Paese, 염소와 같은 부드러운)",7.0,유제품 및 계란,10.0,180.0,,"Cheese,brie, bel paese, goat"
Coffee creamer (liquid refrigerated),커피 크리머 (액체 냉장),7.0,유제품 및 계란,21.0,,,"Coffee creamer,Coffee, creamer,liquid refrigerated"
Cottage cheese,코티지 치즈,7.0,유제품 및 계란,14.0,,,"Cottage cheese,cheese"
Cream cheese,크림 치즈,7.0,유제품 및 계란,14.0,,,
"Cream (whipping, ultrapasteurized)","크림 (휘핑, 울트레이 스토퍼 화)",7.0,유제품 및 계란,30.0,,,"Cream,whipping,ultrapasteurized"
"Cream (whipped, sweetened)","크림 (휘핑, 달콤한)",7.0,유제품 및 계란,,,,"Cream,whipped, sweetened"
Cream (half and half),크림 (반과 반),7.0,유제품 및 계란,3.0,120.0,,"Cream,half"
Cream (heavy),크림 (무거운),7.0,유제품 및 계란,10.0,105.0,,"Cream,heavy"
Cream (light),크림 (빛),7.0,유제품 및 계란,7.0,105.0,,"Cream,light"
Dips (sour cream based),딥 (사워 크림 기반),7.0,유제품 및 계란,14.0,,,"Dips,sour cream based,sour,cream based,cream,dip"
Egg substitutes (liquid),계란 대체물 (액체),7.0,유제품 및 계란,7.0,,,"Egg substitutes,liquid,egg,substitutes,substitute"
Eggnog (commercial),에그 노그 (상업),7.0,유제품 및 계란,4.0,180.0,,"Eggnog,commercial,egg,nog"
Eggs (in shell),계란 (쉘),7.0,유제품 및 계란,28.0,,,"Eggs,in shell,egg,shell"
"Eggs (raw whites, yolks)","계란 (생백, 노른자)",7.0,유제품 및 계란,,,,"Eggs,raw whites, yolks,egg,whites"
Eggs (hard boiled cooked),계란 (단단한 삶은 요리),7.0,유제품 및 계란,,,,"Eggs,egg,hard boiled cooked,boiled,hard boiled"
Egg dishes,계란 요리,7.0,유제품 및 계란,,,,"Egg dishes,egg,dishes"
Kefir (fermented milk),케 피어 (발효 우유),7.0,유제품 및 계란,7.0,,,"Kefir,fermented milk,milk,fermented"
Margarine,마가린,7.0,유제품 및 계란,180.0,360.0,,Margarine
Milk (plain or flavored),우유 (평범하거나 맛),7.0,유제품 및 계란,,90.0,,"Milk,plain,flavored,flavor"
Pudding,푸딩,7.0,유제품 및 계란,,,,Pudding
Sour cream,크림,7.0,유제품 및 계란,,,,"Sour cream,cream,sour"
Whipped cream (aerosol can),휘핑 크림 (에어로졸 캔),7.0,유제품 및 계란,24.0,,,"Whipped cream,cream,aerosol can,can"
Whipped topping (aerosol can),휘핑 토핑 (에어로졸 캔),7.0,유제품 및 계란,90.0,,,"Whipped topping,topping,aerosol can,can,whipped"
Whipped topping (tub),휘핑 토핑 (욕조),7.0,유제품 및 계란,14.0,,,"Whipped topping,topping,tub,whipped"
Yogurt,요구르트,7.0,유제품 및 계란,10.0,,,Yogurt
"Beef (rib roast, bonein)","쇠고기 (갈비 로스트, 뼈)",10.0,고기 - 신선한,4.0,240.0,,"Beef,rib roast,bone-in,roast,bone,rib"
"Beef (rib roast boneless, rolled)","쇠고기 (늑골 로스트 뼈없는, 롤링)",10.0,고기 - 신선한,4.0,240.0,,"Beef,rib roast,boneless,rolled,roast,rib"
Beef (round or rump roast),쇠고기 (둥근 또는 엉덩이 로스트),10.0,고기 - 신선한,4.0,240.0,,"Beef,round,rump roast,roast"
"Beef (tenderloin, whole)","쇠고기 (enderloin, 전체)",10.0,고기 - 신선한,4.0,240.0,,"Beef,tenderloin,whole"
"Beef (tenderloin, half)","쇠고기 (enderloin, 반)",10.0,고기 - 신선한,4.0,240.0,,"Beef,tenderloin,half"
"Beef (chuck roast, brisket)","쇠고기 (척 로스트, 브리 스킷)",10.0,고기 - 신선한,4.0,240.0,,"Beef,chuck roast,roast,brisket"
Beef (steaks),쇠고기 (스테이크),10.0,고기 - 신선한,4.0,240.0,,"Beef,steaks,steak"
"Beef (stew, cubes)","쇠고기 (스튜, 큐브)",10.0,고기 - 신선한,4.0,240.0,,"Beef,stew, cubes,cube"
Beef (short ribs),쇠고기 (짧은 갈비),10.0,고기 - 신선한,4.0,240.0,,"Beef,short ribs,ribs,rib"
Beef (ground),쇠고기 (지상),10.0,고기 - 신선한,1.0,105.0,,"Beef,ground"
"Lamb (leg, bonein small)","양고기 (다리, 뼈가 작은)",10.0,고기 - 신선한,4.0,240.0,,"Lamb,leg,bone-in - small,bone-in,bone"
"Lamb (leg, bonein large)","양고기 (다리, 대다",10.0,고기 - 신선한,4.0,240.0,,"Lamb,leg,bone-in - large,bone-in,bone"
"Lamb (leg boneless, rolled)","양고기 (다리가없는, 롤링)",10.0,고기 - 신선한,4.0,240.0,,"Lamb,leg,boneless,rolled,bone"
Lamb (crown roast),양고기 (크라운 로스트),10.0,고기 - 신선한,4.0,240.0,,"Lamb,crown roast,roast"
Lamb (shoulder roast or shank leg half),양고기 (어깨 로스트 또는 생크 다리 반),10.0,고기 - 신선한,4.0,240.0,,"Lamb,shoulder roast,roast,shoulder,shank leg half,half,shank,shank leg,leg"
Lamb (cubes for kabobs),양고기 (Kabobs 용 큐브),10.0,고기 - 신선한,4.0,240.0,,"Lamb,cubes,kabobs,cube,kabob"
Lamb (ground),양고기 (지상),10.0,고기 - 신선한,1.0,105.0,,"Lamb,ground"
"Lamb (chops, ribs, or loin)","양고기 (갈비, 갈비 또는 허리)",10.0,고기 - 신선한,4.0,240.0,,"Lamb,chops,ribs,loin,rib"
Lamb (leg steaks),양고기 (다리 스테이크),10.0,고기 - 신선한,4.0,240.0,,"Lamb,leg steaks,steaks,steak,leg"
"Lamb (stew meat, pieces)","양고기 (스튜 고기, 조각)",10.0,고기 - 신선한,4.0,240.0,,"Lamb,stew,pieces,stew meat,meat,piece"
Lamb (shanks),양고기 (생크),10.0,고기 - 신선한,4.0,240.0,,"Lamb,shanks,shank"
"Lamb (breast, rolled)","양고기 (유방, 롤링)",10.0,고기 - 신선한,4.0,240.0,,"Lamb,breast,rolled"
"Veal (shoulder roast, boneless)","송아지 고기 (어깨 로스트, 뼈가없는)",10.0,고기 - 신선한,4.0,240.0,,"Veal,shoulder,boneless,shoulder roast,roast"
"Veal (leg rump or round roast, boneless)","송아지 고기 (다리 엉덩이 또는 둥근 로스트, 뼈가없는)",10.0,고기 - 신선한,4.0,240.0,,"Veal,leg rump,rump,leg,round,round roast,roast,boneless"
"Veal (loin roast, bonein)","송아지 고기 (허리 로스트, 뼈)",10.0,고기 - 신선한,4.0,240.0,,"Veal,loin roast,bone-in,roast,bone,loin"
Veal (ground),송아지 (ground),10.0,고기 - 신선한,1.0,105.0,,"Veal,ground"
"Pork (loin roast, bonein)","돼지 고기 (허리 로스트, 뼈)",10.0,고기 - 신선한,4.0,240.0,,"Pork,loin roast,bone-in,roast,bone,loin"
"Pork (loin roast, boneless)","돼지 고기 (허리 로스트, 뼈없는)",10.0,고기 - 신선한,4.0,240.0,,"Pork,loin,boneless,loin roast,roast"
"Pork (loin chops, bonein)","돼지 고기 (허리 자질, 뼈)",10.0,고기 - 신선한,4.0,240.0,,"Pork,loin chops,bone-in,chops,bone,loin"
"Pork (loin chops, boneless)","돼지 고기 (허리 자르기, 뼈없는)",10.0,고기 - 신선한,4.0,240.0,,"Pork,loin,boneless,loin chops,chops"
Pork (crown roast small),돼지 고기 (크라운 로스트 작은),10.0,고기 - 신선한,4.0,240.0,,"Pork,roast,crown,crown roast - small,small,crown roast"
Pork (crown roast large),돼지 고기 (크라운 로스트 대형),10.0,고기 - 신선한,4.0,240.0,,"Pork,roast,crown,crown roast - large,large,crown roast"
Pork (tenderloin),돼지 고기 (텐더 로인),10.0,고기 - 신선한,4.0,240.0,,"Pork,tenderloin"
Pork (tenderloin medallions or loin cubes),돼지 고기 (텐더 로인 메달리온 또는 허리 큐브),10.0,고기 - 신선한,4.0,240.0,,"Pork,tenderloin,tenderloin medallions,loin cubes,medallion,loin cube,loin,medallions,cube,cubes"
"Goat (tender whole cuts (legs, ribs, shoulder, loin))","염소 (부드러운 컷 (다리, 갈비, 어깨, 허리))",10.0,고기 - 신선한,4.0,240.0,,"Goat,tender whole cuts,legs,ribs,shoulder,loin,tender,whole cuts,leg,rib"
"Goat (less tender whole cuts (stew meat, riblets, shanks))","염소 (덜 부드러운 컷 (스튜 고기, 리블릿, 생크)))",10.0,고기 - 신선한,4.0,240.0,,"Goat,less tender whole cuts,stew meat,stew,meat,riblets,shanks,whole cuts,tender,less tender"
Pork (ribs),돼지 고기 (갈비),10.0,고기 - 신선한,4.0,240.0,,"Pork,ribs,rib"
Pork (ground),돼지 고기 (지상),10.0,고기 - 신선한,1.0,105.0,,"Pork,ground"
Pork (shoulder),돼지 고기 (어깨),10.0,고기 - 신선한,4.0,240.0,,"Pork,shoulder"
"Pork (loin, cubes)","돼지 고기 (허리, 큐브)",10.0,고기 - 신선한,4.0,240.0,,"Pork,loin,cubes,cube"
"Venison (round, rump, loin, or rib roast)","사슴 고기 (둥근, 엉덩이, 허리 또는 갈비 로스트)",10.0,고기 - 신선한,4.0,240.0,,"Venison,rump,round,loin,rib,rib roast,roast"
"Variety meats (liver, tongue, chitterlings, etc)","다양한 고기 (간, 혀, 치터 링 등)",10.0,고기 - 신선한,1.0,105.0,,"Variety meats,liver,tongue,chitterlings,meats,meat,chitterling"
Goat (ground),염소 (지면),10.0,고기 - 신선한,1.0,105.0,,"Goat,ground"
Bacon,베이컨,12.0,고기 - 훈제 또는 가공,7.0,30.0,,Bacon
Corned beef (in pouch with pickling juices),콘디 쇠고기 (산세 주스가있는 파우치),12.0,고기 - 훈제 또는 가공,6.0,30.0,,"Corned beef,pouch,pickling juices,juices,juice"
Ham (canned (keep refrigerated label)),햄 (통조림) (냉장 레이블 유지),12.0,고기 - 훈제 또는 가공,225.0,,,"Ham,canned,keep refrigerated,label,refrigerated"
"Ham (fully cooked, bonein, whole)","햄 (완전히 요리, Benein, 전체)",12.0,고기 - 훈제 또는 가공,7.0,45.0,,"Ham,fully cooked,bone-in,whole,cooked,bone"
"Ham (fully cooked, bonein, half)","햄 (완전히 요리 된, 뼈, 반)",12.0,고기 - 훈제 또는 가공,7.0,45.0,,"Ham,fully cooked,bone-in,half,cooked,bone"
"Ham (fully cooked, slices, half, or spiral cut)","햄 (완전히 요리, 슬라이스, 반 또는 나선 절단)",12.0,고기 - 훈제 또는 가공,3.0,45.0,,"Ham,fully cooked,slices,half,spiral cut,cooked,slice"
"Ham (fully cooked, arm picnic shoulder, boneless)","햄 (완전히 요리, 팔 피크닉 어깨, 뼈가없는)",12.0,고기 - 훈제 또는 가공,7.0,45.0,,"Ham,fully cooked,cooked,arm picnic shoulder,boneless,shoulder,arm picnic"
"Ham (fully cooked, canned, boneless (refrigerated))","햄 (완전히 요리, 통조림, 뼈가없는 (냉장))",12.0,고기 - 훈제 또는 가공,225.0,45.0,,"Ham,fully cooked,cooked,canned,boneless,refrigerated"
"Ham (fully cooked, vacuum packed, boneless)","햄 (완전히 요리, 진공 포장, 뼈가없는)",12.0,고기 - 훈제 또는 가공,14.0,45.0,,"Ham,fully cooked,cooked,vacuum packed,boneless"
"Ham (fresh, cookbeforeeating, bonein, whole)","햄 (신선한, Cookbeforeing, Benein, 전체)",12.0,고기 - 훈제 또는 가공,7.0,45.0,,"Ham,fresh,cook-before-eating,bone-in,whole,bone"
"Ham (fresh, cookbeforeeating, bonein, half)","햄 (신선한, 요리사, 뼈, 반)",12.0,고기 - 훈제 또는 가공,7.0,45.0,,"Ham,fresh,cook-before-eating,bone-in,half,bone"
"Ham (fresh, cookbeforeeating, shank or butt portion, bonein)","햄 (신선한, 요리사, 생크 또는 엉덩이 부분, 뼈)",12.0,고기 - 훈제 또는 가공,7.0,45.0,,"Ham,fresh,cook-before-eating,shank,butt portion,bone-in,bone"
"Ham (fresh, cookbeforeeating, arm picnic shoulder, boneless)","햄 (신선한, 요리사, 팔 피크닉 어깨, 뼈가없는)",12.0,고기 - 훈제 또는 가공,7.0,45.0,,"Ham,fresh,cook-before-eating,before-eating,arm picnic shoulder,boneless,arm picnic,shoulder"
"Ham (fresh, cookbeforeeating, shoulder roll (butt), boneless)","햄 (신선한, Cookbeforeing, 어깨 롤 (엉덩이), Boneless)",12.0,고기 - 훈제 또는 가공,7.0,45.0,,"Ham,fresh,cook-before-eating,before-eating,shoulder roll,butt,boneless,roll"
"Ham (fresh, uncooked, whole leg, bonein)","햄 (신선하고, 요리되지 않은, 다리 전체, 뼈)",12.0,고기 - 훈제 또는 가공,7.0,45.0,,"Ham,fresh,uncooked,whole leg,bone-in,cooked,leg,bone"
"Ham (fresh, uncooked, whole leg, boneless)","햄 (신선하고, 요리되지 않은, 다리 전체, 뼈가없는)",12.0,고기 - 훈제 또는 가공,7.0,45.0,,"Ham,fresh,uncooked,whole leg,boneless,cooked,leg,bone"
"Ham (fresh, uncooked, half leg, bonein)","햄 (신선하고, 요리되지 않은, 반 다리, 뼈)",12.0,고기 - 훈제 또는 가공,7.0,45.0,,"Ham,fresh,uncooked,half leg,bone-in,bone,leg,cooked"
Ham (country ham (whole or half)),햄 (Country Ham (전체 또는 절반)),12.0,고기 - 훈제 또는 가공,7.0,45.0,,"Ham,country ham,whole,half"
Hot dogs,핫도그,12.0,고기 - 훈제 또는 가공,14.0,45.0,,"Hot dogs,hot"
Sausage (raw bulk type or patties),소시지 (원시 벌크 유형 또는 패티),12.0,고기 - 훈제 또는 가공,1.0,45.0,,"Sausage,raw bulk type,patties,raw,patty"
"Sausage (fully cooked smoked links, kielbasa)","소시지 (완전히 요리 된 훈제 링크, Kielbasa)",12.0,고기 - 훈제 또는 가공,7.0,45.0,,"Sausage,fully cooked smoked links,kielbasa,smoked links,links,fully cooked,link"
"Sausage (hard, dry (pepperoni), sliced)","소시지 (단단하고 건조한 (페퍼로니), 얇게 썬)",12.0,고기 - 훈제 또는 가공,17.0,45.0,,"Sausage,hard,dry,pepperoni,sliced,slice,dry pepperoni"
"Stuffed, raw pork chops",박제 된 생 돼지 갈비,13.0,고기 - 박제 또는 조립,1.0,270.0,,"Stuffed,raw pork chops,chops,raw pork,pork"
Raw kabobs with vegetables,야채를 곁들인 생 카밥,13.0,고기 - 박제 또는 조립,1.0,105.0,,"Raw kabobs,vegetables,kabobs,kabob"
Bacon (fully cooked),베이컨 (완전히 요리),11.0,고기 - 선반 안정적인 음식,,,180.0,"Bacon,fully cooked,cooked"
Ham (shelfstable cans),햄 (shelfstable cans),11.0,고기 - 선반 안정적인 음식,,,225.0,"Ham,shelf stable cans,cans,shelf stable,shelf,stable,can"
Jerky (commercially dried),육포 (상업적으로 말린),11.0,고기 - 선반 안정적인 음식,,,360.0,"Jerky,commercially dried,dried"
Jerky (homemade),육포 (수제),11.0,고기 - 선반 안정적인 음식,,,45.0,"Jerky,homemade"
Meat products (canned),고기 제품 (통조림),11.0,고기 - 선반 안정적인 음식,,,1825.0,"Meat products,products,canned,meat,product"
Retort pouches or boxes,레토르트 파우치 또는 상자,11.0,고기 - 선반 안정적인 음식,,,,"Retort pouches,boxes,box,retort,pouch"
Chicken (whole),닭 (전체),15.0,가금류 - 신선한,1.0,360.0,,"Chicken,whole"
Turkey (whole),터키 (전체),15.0,가금류 - 신선한,1.0,360.0,,"Turkey,whole"
Ground turkey or chicken,지상 칠면조 또는 닭고기,15.0,가금류 - 신선한,1.0,105.0,,"Ground turkey,chicken,turkey"
"Chicken parts (breast halves, bonein)","닭 부분 (가슴 반쪽, 뼈)",15.0,가금류 - 신선한,1.0,270.0,,"Chicken parts,breast halves,bone-in,halves,bone,breast,chicken,half"
"Chicken parts (breast halves, boneless)","닭 부분 (가슴 반쪽, 뼈없는)",15.0,가금류 - 신선한,1.0,270.0,,"Chicken parts,breast halves,boneless,chicken,breast,halves,half,bone"
Chicken parts (legs or thighs),닭 부분 (다리 또는 허벅지),15.0,가금류 - 신선한,1.0,270.0,,"Chicken parts,legs,thighs,chicken,leg,thigh"
"Turkey parts (breast halves, bonein)","칠면조 부품 (가슴 반쪽, 뼈)",15.0,가금류 - 신선한,1.0,270.0,,"Turkey parts,breast halves,bone-in,halves,bone,breast,half,turkey"
"Turkey parts (breast halves, boneless)","칠면조 부품 (가슴 반쪽, 뼈없는)",15.0,가금류 - 신선한,1.0,270.0,,"Turkey parts,breast,boneless,bone,turkey"
Turkey parts (legs or thighs),칠면조 부품 (다리 또는 허벅지),15.0,가금류 - 신선한,1.0,270.0,,"Turkey parts,legs,thighs,turkey,leg,thigh"
"Duckling (domestic or wild, whole)","오리 링 (국내 또는 야생, 전체)",15.0,가금류 - 신선한,1.0,180.0,,"Duckling,domestic,wild,whole"
"Goose (domestic or wild, whole)","거위 (국내 또는 야생, 전체)",15.0,가금류 - 신선한,1.0,180.0,,"Goose,domestic,wild,whole"
"Pheasant (young, whole)",꿩 (젊고 전체),15.0,가금류 - 신선한,1.0,180.0,,"Pheasant,young,whole"
Quail (whole),메추라기 (전체),15.0,가금류 - 신선한,1.0,180.0,,"Quail,whole"
Capon (whole),카폰 (전체),15.0,가금류 - 신선한,1.0,360.0,,"Capon,whole"
Cornish Hens (whole),콘월 어 암탉 (전체),15.0,가금류 - 신선한,1.0,360.0,,"Cornish Hens,Hens,whole,Hen"
Giblets,내장,15.0,가금류 - 신선한,1.0,105.0,,"Giblets,giblet"
"Stuffed, raw chicken breasts",박제 된 생 닭 가슴,17.0,가금류 - 박제 또는 조립,,,,"Stuffed,raw chicken breasts,breast,chicken,chicken breasts"
Raw kabobs with vegetables,야채를 곁들인 생 카밥,17.0,가금류 - 박제 또는 조립,,,,"Raw kabobs,vegetables,kabobs,kabob,vegetable"
Turducken,투르 켄,17.0,가금류 - 박제 또는 조립,,270.0,,Turducken
"Chicken nuggets, patties","치킨 너겟, 패티",14.0,가금류 - 요리 또는 가공,,60.0,,"Chicken nuggets, patties,chicken,nuggets,nugget,patty"
Cooked poultry dishes,요리 된 가금류 요리,14.0,가금류 - 요리 또는 가공,,,,"Cooked poultry dishes,poultry dishes,poultry"
Fried chicken,닭 튀김,14.0,가금류 - 요리 또는 가공,,,,"Fried chicken,chicken"
Poultry pieces (covered with gravy or broth),가금류 조각 (그레이비 또는 국물로 덮여 있음),25.0,델리 & 준비된 음식,,,,"Poultry pieces,gravy,broth,poultry,pieces,piece"
Rotisserie chicken,로티시스 치킨,14.0,가금류 - 요리 또는 가공,3.0,120.0,,"Rotisserie chicken,chicken,Rotisserie"
Canned chicken,통조림 닭,16.0,가금류 - 선반 안정적인 음식,,,1825.0,"Canned chicken,chicken,canned,can"
Retort pouches or boxes,레토르트 파우치 또는 상자,16.0,가금류 - 선반 안정적인 음식,,,,"Retort pouches,boxes,box,retort,pouch"
"Lean fish (cod, flounder, haddock, halibut, sole, etc)","마른 물고기 (대구, under, haddock, halibut, sole 등)",20.0,해산물 - 신선한,1.0,210.0,,"Lean fish,cod, flounder,haddock,halibut,sole,fish"
"Lean fish (pollock, ocean perch, rockfish, sea trout)","마른 물고기 (Pollock, Ocean Perch, Rockfish, Sea Trout)",20.0,해산물 - 신선한,1.0,180.0,,"Lean fish,pollock,ocean,rockfish, sea,sea trout,fish,ocean perch,perch,trout,rock"
"Fatty fish (bluefish, catfish, mackerel, mullet, salmon, tuna, etc)","지방 생선 (블루 피쉬, 메기, 고등어, 숭어, 연어, 참치 등)",20.0,해산물 - 신선한,1.0,75.0,,"Fatty fish,bluefish,catfish,mackerel,mullet,salmon,tuna,fish,fatty,blue,cat"
"Caviar (fresh, in jar)","캐비어 (신선한, 항아리)",20.0,해산물 - 신선한,17.0,,,"Caviar,fresh,jar"
Cooked fish (all),요리 된 물고기 (모두),20.0,해산물 - 신선한,,,,"Cooked fish,fish,all"
Surimi seafood,수리미 해산물,20.0,해산물 - 신선한,,270.0,,"Surimi seafood,surimi,sea,food"
Scallops,가리비,21.0,해산물 - 조개,2.0,360.0,,"Scallops,scallop"
"Shrimp, crayfish","새우, 가재",21.0,해산물 - 조개,2.0,360.0,,"Shrimp,crayfish,cray,fish"
Squid,오징어,21.0,해산물 - 조개,2.0,360.0,,Squid
"Shucked clams, mussels, and oysters","조개, 홍합 및 굴",21.0,해산물 - 조개,6.0,105.0,,"Shucked clams,mussels,oysters,clams,clam,mussels,mussel,oyster"
Crab meat (fresh),게 고기 (신선한),21.0,해산물 - 조개,,,,"Crab meat,meat,fresh,crab"
Crab meat (pasteurized),게 고기 (저온 살균),21.0,해산물 - 조개,330.0,210.0,,"Crab meat,meat,pasteurized,crab"
"Crab legs (king, dungeness, snow)","게 다리 (왕, 배설물, 눈)",21.0,해산물 - 조개,3.0,315.0,,"Crab legs,king,dungeness,snow,crab,legs,leg"
"Live clams, mussels, crab, and oysters","살아있는 조개, 홍합, 게 및 굴",21.0,해산물 - 조개,1.0,75.0,,"Live clams,mussels,crab,oysters,clams,clam,mussel,oyster"
Fresh whole lobster (live),신선한 랍스터 (라이브),21.0,해산물 - 조개,1.0,,,"Fresh whole lobster,lobster,live,whole lobster"
Fresh lobster tails (cooked),신선한 랍스터 꼬리 (요리),21.0,해산물 - 조개,2.0,21.0,,"Fresh lobster tails,tails,cooked,lobster tails,tail"
"Fresh clams, mussels, oysters","신선한 조개, 홍합, 굴",21.0,해산물 - 조개,7.0,,,"Fresh clams,clams,oysters,clam,mussels,mussel,oyster"
Fresh whole lobster (frozen),신선한 랍스터 (냉동),21.0,해산물 - 조개,1.0,21.0,,"Fresh whole lobster,lobster,frozen,whole lobster"
Cooked shellfish (all),요리 된 조개류 (모두),21.0,해산물 - 조개,,60.0,,"Cooked shellfish,shellfish,fish,cooked"
"Herring (glass packed, in wine sauce)","청어 (유리 포장, 와인 소스)",22.0,해산물 - 훈제,150.0,,,"Herring,glass packed,wine sauce,packed,glass,wine,sauce"
"Fish (hot smoked, air pack)","생선 (뜨거운 훈제, 공기 팩)",22.0,해산물 - 훈제,29.0,315.0,,"Fish,hot smoked,air pack,hot,smoked,pack"
"Fish (hot smoked, vacuum pack)","생선 (뜨거운 훈제, 진공 팩)",22.0,해산물 - 훈제,29.0,270.0,,"Fish,hot smoked,vacuum pack,hot,smoked,vacuum,pack"
"Fish (cold smoked, air pack)","생선 (차가운 훈제, 공기 팩)",22.0,해산물 - 훈제,22.0,315.0,,"Fish,cold smoked,air pack,cold,smoked,pack"
"Fish (cold smoked, vacuum pack)","생선 (차가운 훈제, 진공 팩)",22.0,해산물 - 훈제,25.0,315.0,,"Fish,cold smoked,vacuum pack,cold,smoked,vacuum,pack"
Tofu,두부,24.0,채식 단백질,7.0,150.0,,Tofu
Miso,된장,24.0,채식 단백질,365.0,,,Miso
Soy flour (fullfat),대두 가루 (fullfat),24.0,채식 단백질,180.0,,60.0,"Soy flour,full fat,soy,flour,fat"
Textured soy protein ((TSP)),질감 대두 단백질 ((TSP)),24.0,채식 단백질,,,730.0,"Textured soy protein,protein,TSP,soy protein,soy"
Rehydrated textured soy protein ((TSP)),재수 화 된 질감 대두 단백질 ((TSP)),24.0,채식 단백질,,,105.0,"Re hydrated textured soy protein,protein,TSP,soy,soy protein,textured soy protein,Re hydrated "
"Leftovers (with meat, fish, poultry, or egg)","남은 음식 (고기, 생선, 가금류 또는 계란 포함)",25.0,델리 & 준비된 음식,,,,"Leftovers,meat,fish,poultry,egg,leftover"
"Leftovers (without meat, fish, poultry, or egg (such as cooked vegitables, rice, or potatoes))","남은 음식 (고기, 생선, 가금류 또는 계란없이 (예 : 요리 된 야채, 쌀 또는 감자)))",25.0,델리 & 준비된 음식,,,,"leftover,leftovers,without meat,fish,poultry,egg,cooked vegetables,rice,potatoes,meat,vegetables,potato,vegetable"
Leftovers (pizza),남은 음식 (피자),25.0,델리 & 준비된 음식,,,,"Leftovers,pizza"
Commercial brand vacuumpacked dinners (with USDA seal),상업용 브랜드 진공 저녁 식사 (USDA SEAL 포함),25.0,델리 & 준비된 음식,14.0,,,"Commercial brand vacuum-packed dinners,brand vacuum packed dinners,USDA seal,USDA,seal,dinners,dinner,vacuum packed,vacuum packed dinner,packed dinner,packed"
Cooked pasta,요리 된 파스타,25.0,델리 & 준비된 음식,,,,"Cooked pasta,pasta"
Cooked rice,요리 된 쌀,25.0,델리 & 준비된 음식,,,,"Cooked rice,rice"
"Fruit, cut","과일, 잘라",25.0,델리 & 준비된 음식,,,,"Fruit,cut"
Guacamole,아보카도 소스,25.0,델리 & 준비된 음식,,,,Guacamole
"Hummus (commercial (pasteurized, with preservatives))","Hummus (상업용 (보존, 방부제와 함께))",25.0,델리 & 준비된 음식,90.0,,,"Hummus,commercial,pasteurized,preservatives,preservative"
"Hummus (traditional (no preservatives, not pasteurized))","Hummus (전통적 (방부제 없음, 저온 살균되지 않음))",25.0,델리 & 준비된 음식,,,,"Hummus,traditional,no preservatives,not pasteurized,no preservative,preservatives,preservative,pasteurized"
Luncheon meat or poultry (storesliced),오찬 고기 또는 가금류 (StoreSliced),25.0,델리 & 준비된 음식,4.0,,,"Luncheon meat,poultry,store sliced,meat,luncheon,store,sliced"
Main dishes or meals (hot or refrigerated),주요 요리 또는 식사 (뜨거운 또는 냉장),25.0,델리 & 준비된 음식,3.0,,,"Main dishes,meals,hot,refrigerated,dishes,dish,meal"
Meats (covered with gravy or broth),고기 (그레이비 또는 국물로 덮여),25.0,델리 & 준비된 음식,,,,"Meats,gravy,broth,meat"
Olives (from olive bar),올리브 (올리브 바에서),25.0,델리 & 준비된 음식,14.0,,,"Olives,bar,olive"
Pate,머리,25.0,델리 & 준비된 음식,1.0,,,Pate
Luncheon meat or poultry (prepackaged),오찬 고기 또는 가금류 (사전 포장),25.0,델리 & 준비된 음식,14.0,45.0,,"Luncheon meat,luncheon,meat,poultry,packaged,pre packaged"
"Soup, stews","수프, 스튜",25.0,델리 & 준비된 음식,,,,"Soup,stews,stew"
Casseroles,캐서롤,25.0,델리 & 준비된 음식,,,,"Casseroles,Casserole"
"Commercial bread products (including pan breads, flat breads, rolls, and buns)","상업용 빵 제품 (팬 빵, ​​평평한 빵, 롤 및 빵 포함)",2.0,구운 제품 - 빵집,,120.0,16.0,"Commercial bread products,pan breads,flat breads,rolls,buns,bread products,bread,products,product,pan,breads,bread,flat,roll,bun"
Tortillas (flour),옥수수 (밀가루),9.0,"곡물, 콩 및 파스타",,180.0,90.0,"Tortillas,Tortilla"
Commercial cakes and muffins,상업용 케이크와 머핀,2.0,구운 제품 - 빵집,,180.0,5.0,"Commercial cakes,cake,muffin,muffins"
Cheesecake,치즈 케이크,2.0,구운 제품 - 빵집,,135.0,,"Cheesecake,cake,cheese"
Cookies (soft),쿠키 (소프트),2.0,구운 제품 - 빵집,,300.0,75.0,"Cookies,soft,cookie"
Cookies (crispy),쿠키 (바삭한),2.0,구운 제품 - 빵집,,300.0,150.0,"Cookies,crispy,cookie"
Dairy filled eclairs,유제품이 채워진 eclairs,2.0,구운 제품 - 빵집,,90.0,,"Dairy filled eclairs,dairy filled,eclairs,éclair,dairy"
Doughnuts,도넛,2.0,구운 제품 - 빵집,,,1.0,"Doughnuts,doughnut,dough,nut"
Fruit cake,과일 케이크,2.0,구운 제품 - 빵집,,360.0,180.0,"Fruit cake,fruit,cake"
"Pastries, danish","패스트리, 덴마크",2.0,구운 제품 - 빵집,,,7.0,"Pastries,danish,pastry"
"Cream pies (banana cream, coconut cream, butterscotch)","크림 파이 (바나나 크림, 코코넛 크림, 버터 스카치)",2.0,구운 제품 - 빵집,,,,"Pies,cream,pie, banana, banana cream,coconut,coconut cream,butterscotch"
"Chiffon pies (chocolate, lemon)","쉬폰 파이 (초콜릿, 레몬)",2.0,구운 제품 - 빵집,,,,"Pies,chiffon,pie,chocolate,lemon,chocolate pie,lemon pie"
"Fruit pies (apple, peach, blueberry, apricot, cherry, blackberry)","과일 파이 (사과, 복숭아, 블루 베리, 살구, 체리, 블랙 베리)",2.0,구운 제품 - 빵집,,,1.0,"Pies,fruit,pie,apple,apple pie,peach,peach pie,blueberry,blueberry pie,cherry,cherry pie,apricot,apricot pie,blackberry,blackberry pie"
Pies (mincemeat),파이 (MinceMeat),2.0,구운 제품 - 빵집,,,2.0,"Pies,mincemeat,pie,meat,mince"
Pies (pecan),파이 (피칸),2.0,구운 제품 - 빵집,,,2.0,"Pies,Pie,pecan"
Pies (pumpkin),파이 (호박),2.0,구운 제품 - 빵집,,,2.0,"Pies,Pie,pumpkin"
Quiche,quiche,2.0,구운 제품 - 빵집,,,2.0,Quiche
Baking powder,베이킹 파우더,3.0,구운 식품 - 베이킹과 요리,,,360.0,"Baking powder,baking,powder"
Baking soda,베이킹 소다,3.0,구운 식품 - 베이킹과 요리,,,912.0,"Baking soda,soda,baking"
Biscuit or pancake mix,비스킷 또는 팬케이크 믹스,3.0,구운 식품 - 베이킹과 요리,,,270.0,"Biscuit,pancake mix,pancake,mix,cake"
"Cake, brownie, bread mixes","케이크, 브라우니, 빵 믹스",3.0,구운 식품 - 베이킹과 요리,,,450.0,"Cake,brownie,bread mixes,bread,mixes,mix"
"Chocolate (unsweetened and semisweet, solid)","초콜릿 (무섭고 반 달콤함, 단단한)",3.0,구운 식품 - 베이킹과 요리,,,547.0,"Chocolate,unsweetened,semi sweet,solid,sweet"
Cocoa and cocoa mixes,코코아와 코코아 믹스,3.0,구운 식품 - 베이킹과 요리,,,,"Cocoa,cocoa mixes,mixes,mix"
"Cornmeal (regular, degerminated)","옥수수 가루 (정기, 탈출)",3.0,구운 식품 - 베이킹과 요리,,,270.0,"Cornmeal,regular,degerminated,germinated,germinate,corn,meal"
Cornmeal (stone ground or blue),옥수수 가루 (돌 지대 또는 파란색),3.0,구운 식품 - 베이킹과 요리,,,30.0,"Cornmeal,stone ground,blue,ground,stone,corn,meal"
Cornstarch,콘스타치,3.0,구운 식품 - 베이킹과 요리,,,630.0,"Cornstarch,corn,starch"
Flour (white),밀가루 (흰색),3.0,구운 식품 - 베이킹과 요리,,,270.0,"Flour,white"
Flour (whole wheat),밀가루 (통 밀),3.0,구운 식품 - 베이킹과 요리,,,135.0,"Flour,whole wheat,wheat"
Frosting or icing,프로스팅 또는 착빙,3.0,구운 식품 - 베이킹과 요리,,,330.0,"Frosting,icing,frost,ice"
Gelatin (flavored),젤라틴 (풍미),3.0,구운 식품 - 베이킹과 요리,,,330.0,"Gelatin,flavor,flavored"
Gelatin (unflavored),젤라틴 (플라스틱),3.0,구운 식품 - 베이킹과 요리,,,1095.0,"Gelatin,unflavor,unflavored"
Oils (olive or vegetable),기름 (올리브 또는 야채),3.0,구운 식품 - 베이킹과 요리,,,270.0,"Oils,olive,vegetable,oil"
Nut oils,너트 오일,3.0,구운 식품 - 베이킹과 요리,,,270.0,"Nut oils,nut,oils,oil"
Vegetable oil sprays,식물성 기름 스프레이,3.0,구운 식품 - 베이킹과 요리,,,730.0,"Vegetable oil sprays,sprays,oil,vegetable,vegetable oil"
Shortening (solid),단축 (고체),3.0,구운 식품 - 베이킹과 요리,,,547.0,"Shortening,solid"
Tamarind paste,타마 린드 페이스트,3.0,구운 식품 - 베이킹과 요리,,,270.0,"Tamarind paste,paste,tamarind"
Chili powder,칠리 가루,3.0,구운 식품 - 베이킹과 요리,,,730.0,"Chili powder,powder,chili"
Seasoning blends,조미료 블렌드,3.0,구운 식품 - 베이킹과 요리,,,547.0,"Seasoning blends,blends,seasoning,blend"
Flavored or herb mixes,맛 또는 허브 믹스,3.0,구운 식품 - 베이킹과 요리,,,180.0,"Flavored,herb mixes,herb,flavor,mixes,mix"
"Garlic (chopped, commercial jars)","마늘 (다진, 상업용 항아리)",3.0,구운 식품 - 베이킹과 요리,,,300.0,"Garlic,chopped,jars,commercial jars,jar"
Herbs (dried),허브 (말린),3.0,구운 식품 - 베이킹과 요리,,,547.0,"Herbs,dried,herb"
Spicespices (whole),Spicespices (전체),3.0,구운 식품 - 베이킹과 요리,,,1277.0,"Spice,spices,whole"
Spicespices (ground),Spicespices (지상),3.0,구운 식품 - 베이킹과 요리,,,912.0,"Spice,spices,ground"
Sugar (brown),설탕 (갈색),3.0,구운 식품 - 베이킹과 요리,,,,"Sugar,brown"
Sugar (granulated),설탕 (과립),3.0,구운 식품 - 베이킹과 요리,,,,"Sugar,granulated"
Sugar (confectioners),설탕 (제과),3.0,구운 식품 - 베이킹과 요리,,,,"Sugar,confectioners,confectioner"
Sugar substitutes,설탕 대체물,3.0,구운 식품 - 베이킹과 요리,,,730.0,"Sugar substitutes,sugar,substitutes,substitute"
Tapiocas,타피 오카,3.0,구운 식품 - 베이킹과 요리,,,360.0,"Tapiocas,Tapioca"
"Tube cans (of biscuits, rolls, pizza dough, etc)","튜브 캔 (비스킷, 롤, 피자 반죽 등)",4.0,구운 제품 - 냉장 반죽,,,,"Tube cans,biscuits,biscuit,rolls,roll,pizza,pizza dough,dough,tube can,can,tube"
Readytobake pie crust,ReadyTobake 파이 크러스트,4.0,구운 제품 - 냉장 반죽,,60.0,,"Ready to bake pie crust,pie,crust,bake,ready"
Cookie dough,쿠키 반죽,4.0,구운 제품 - 냉장 반죽,,60.0,,"Cookie dough,cookie,dough"
Apples,사과,18.0,생산 - 신선한 과일,35.0,,21.0,"Apples,apple"
Apricots,살구,18.0,생산 - 신선한 과일,,,,"Apricots,Apricot"
Avocados,아보카도,18.0,생산 - 신선한 과일,,,,"Avocados,Avocado"
Bananas,바나나,18.0,생산 - 신선한 과일,,,,"Bananas,banana"
"Berries (cherries, goose berries, lychee)","딸기 (체리, 거위 열매, 리치)",18.0,생산 - 신선한 과일,7.0,,,"Berries,berry,cherries,cherry,goose berries,goose berry,lychee,gooseberries"
"Berries (blackberries, boysenberries, currant)","베리 (Blackberries, Boysenberries, Currant)",18.0,생산 - 신선한 과일,4.0,,,"Berries,berry,blackberries,blackberry,boysenberries,boysenberry,currant"
Blueberries,블루 베리,18.0,생산 - 신선한 과일,10.0,,,"Blueberries,blueberry,berries,berry"
Cherimoya,Cherimoya,18.0,생산 - 신선한 과일,,,,Cherimoya
"Citrus fruit (lemon, lime, orange, grapefruit, tangerines, clementines)","감귤류 과일 (레몬, 라임, 오렌지, 자몽, 귤, 클레멘 타인)",18.0,생산 - 신선한 과일,15.0,,10.0,"Citrus fruit,fruit,citrus,lemon,lime,orange,grape,grapefruit,tangerines,tangerine,clementines,clementine"
Coconut (shredded),코코넛 (파쇄),18.0,생산 - 신선한 과일,,,365.0,"Coconut,shredded"
Coconuts (fresh),코코넛 (신선한),18.0,생산 - 신선한 과일,17.0,,7.0,"Coconuts,Coconut,fresh"
Cranberries,크랜베리,18.0,생산 - 신선한 과일,60.0,,,"Cranberries,cranberry"
Dates,날짜,18.0,생산 - 신선한 과일,360.0,,60.0,Dates
Grapes,포도,18.0,생산 - 신선한 과일,7.0,,1.0,"Grapes,grape"
Guava,구아바,18.0,생산 - 신선한 과일,,,,Guava
Kiwi fruit,키위 과일,18.0,생산 - 신선한 과일,,,,"Kiwi fruit,kiwi,fruit"
Melons,멜론,18.0,생산 - 신선한 과일,14.0,,,"Melons,melon"
"Papaya, mango, feijoa, passionfruit, casaha melon","파파야, 망고, 페이 조아, Passionfruit, Casaha Melon",18.0,생산 - 신선한 과일,7.0,,4.0,"Papaya,mango,feijoa,passionfruit,casaha melon,melon,fruit,passion"
"Peaches, nectarines, plums, pears, sapote","복숭아, 천도, 자두, 배, 사트",18.0,생산 - 신선한 과일,,,,"Peaches,nectarines,plums,pears,sapote,peach,nectarine,plum,pear"
Pineapple,파인애플,18.0,생산 - 신선한 과일,,,,Pineapple
Plantains,질경이,18.0,생산 - 신선한 과일,,,,"Plantains,plantain"
Pomegranate,석류,18.0,생산 - 신선한 과일,60.0,,3.0,Pomegranate
"Artichokes, whole","아티 초크, 전체",19.0,생산 - 신선한 야채,10.0,,1.0,"Artichokes,artichoke,whole"
Asparagus,아스파라거스,19.0,생산 - 신선한 야채,3.0,150.0,,Asparagus
Bamboo shoots,대나무 싹,19.0,생산 - 신선한 야채,14.0,,,"Bamboo shoots,bamboo,shoots,shoot"
"Beans and peas (green, fava, lima, soybean, wax, snow, sugar snap)","콩과 완두콩 (녹색, 파바, 리마, 콩, 왁스, 눈, 설탕 스냅)",19.0,생산 - 신선한 야채,4.0,240.0,,"Beans,peas,green,fava,lima,soybean,wax,snow,sugar snap,sugar,pea,soya"
Beets,사탕무,19.0,생산 - 신선한 야채,10.0,210.0,1.0,Beets
Bok choy,Bok Choy,19.0,생산 - 신선한 야채,2.0,330.0,,Bok choy
Broccoli and broccoli raab (rapini),브로콜리와 브로콜리 라브 (라피니),19.0,생산 - 신선한 야채,4.0,330.0,,"Broccoli,broccoli raab,rapini,raab"
Brussels sprouts,브뤼셀 콩나물,19.0,생산 - 신선한 야채,4.0,330.0,,"Brussels sprouts,brussels,sprouts,sprout,brussel"
Cabbage,양배추,19.0,생산 - 신선한 야채,10.0,330.0,,Cabbage
"Carrots, parsnips","당근, 파스 니프",19.0,생산 - 신선한 야채,17.0,330.0,,"Carrots,parsnips,carrot,parsnip"
Cauliflower,콜리 플라워,19.0,생산 - 신선한 야채,4.0,330.0,,Cauliflower
Celery,셀러리,19.0,생산 - 신선한 야채,10.0,330.0,,Celery
Corn on the cob,개 암 나무 옥수수,19.0,생산 - 신선한 야채,1.0,240.0,,"Corn,cob"
Cucumbers,오이,19.0,생산 - 신선한 야채,5.0,,,"Cucumbers,cucumber"
Eggplant,가지,19.0,생산 - 신선한 야채,5.0,210.0,1.0,"Eggplant,egg"
Garlic,마늘,19.0,생산 - 신선한 야채,8.0,30.0,30.0,Garlic
Ginger root,생강 뿌리,19.0,생산 - 신선한 야채,17.0,180.0,3.0,"Ginger root,ginger,root"
Greens,푸성귀,19.0,생산 - 신선한 야채,2.0,330.0,,"Greens,green"
Herbs,허브,19.0,생산 - 신선한 야채,8.0,45.0,,"Herbs,herb"
Leeks,부추,19.0,생산 - 신선한 야채,10.0,330.0,,"Leeks,leek"
"Lettuce (iceberg, romaine)","양상추 (빙산, 로메인)",19.0,생산 - 신선한 야채,10.0,,,"Lettuce,iceberg,romaine"
"Lettuce (leaf, spinach)","양상추 (잎, 시금치)",19.0,생산 - 신선한 야채,5.0,,,"Lettuce,leaf,spinach"
Mushrooms,버섯,19.0,생산 - 신선한 야채,5.0,330.0,,"Mushroom,mushrooms"
Okra,오크라,19.0,생산 - 신선한 야채,2.0,330.0,1.0,Okra
"Onions (yellow, white, red, etc)","양파 (노란색, 흰색, 빨간색 등)",19.0,생산 - 신선한 야채,60.0,330.0,30.0,"Onions,yellow,white,red,onion"
Onions (spring or green),양파 (봄 또는 녹색),19.0,생산 - 신선한 야채,7.0,330.0,30.0,"Onions,spring,green,onion"
Peppers,고추,19.0,생산 - 신선한 야채,9.0,210.0,,"Peppers,pepper"
Potatoes,감자,19.0,생산 - 신선한 야채,10.0,,45.0,"Potatoes,potato"
Pumpkins,호박,19.0,생산 - 신선한 야채,120.0,,75.0,"Pumpkins,pumpkin"
Radishes,무당,19.0,생산 - 신선한 야채,12.0,,,"Radishes,radish"
Rhubarb,대황,19.0,생산 - 신선한 야채,5.0,,,Rhubarb
Rutabagas,Rutabagas,19.0,생산 - 신선한 야채,17.0,270.0,7.0,Rutabagas
Squash (summer and zucchini),스쿼시 (여름과 호박),19.0,생산 - 신선한 야채,4.0,330.0,3.0,"Squash,summer,zucchini"
Squash (winter),스쿼시 (겨울),19.0,생산 - 신선한 야채,60.0,330.0,28.0,"Squash,winter"
Tamarind,타마 린드,19.0,생산 - 신선한 야채,180.0,,14.0,Tamarind
Taro,타로,19.0,생산 - 신선한 야채,2.0,,7.0,Taro
Tomatoes,토마토,19.0,생산 - 신선한 야채,,60.0,,"Tomatoes,tomato"
Turnips,순무,19.0,생산 - 신선한 야채,14.0,270.0,,"Turnips,turnip"
Yucacassava,유카사스사함,19.0,생산 - 신선한 야채,3.0,45.0,7.0,"Yuca,cassava"
Dough (commercial (bread or cookie)),반죽 (상업용 (빵 또는 쿠키)),8.0,냉동 식품,,360.0,,"Dough,commercial,bread,cookie"
Egg substitutes,계란 대체물,8.0,냉동 식품,,360.0,,"Egg substitutes,egg,substitute,Egg substitute"
Fish (breaded),물고기 (빵가루),8.0,냉동 식품,,540.0,,"Fish,breaded,bread"
Fish (raw but headed and gutted),생선 (생식이지만 향하고 gutted),8.0,냉동 식품,,180.0,,"Fish,raw,headed,gutted"
"Frozen potato products (fries, hashbrowns, tater tots)","냉동 감자 제품 (튀김, 해시 브라운, 테이터 토트)",8.0,냉동 식품,,360.0,,"Frozen potato products,fries,hashbrowns,tater tots,potato products,products,product,frozen potato,hashbrown,tater tot"
Frozen pretzels,냉동 프레즐,8.0,냉동 식품,,270.0,,"Frozen pretzels,frozen,pretzels,pretzel"
"Fruits (such as berries, melons)","과일 (예 : 딸기, 멜론)",8.0,냉동 식품,,420.0,,"Fruits,berries,melons,berry,melon"
Ice cream,아이스크림,8.0,냉동 식품,,180.0,,"Ice cream,ice,cream"
Ice pops,얼음 팝,8.0,냉동 식품,,270.0,,"Ice pops,ice,pops,pop"
Juice concentrates,주스 농축 물,8.0,냉동 식품,,730.0,,"Juice concentrates,juice,concentrate"
Lobster tails,랍스터 꼬리,8.0,냉동 식품,,240.0,,"Lobster tails,tail,lobster,Lobster tail"
"Pancakes, waffles","팬케이크, 와플",8.0,냉동 식품,,90.0,,"Pancakes,waffles,pancake"
Sausages (uncooked),소시지 (요리되지 않은),8.0,냉동 식품,,45.0,,"Sausages,Sausage,uncooked,cooked"
Sausages (precooked),소시지 (사전 조리),8.0,냉동 식품,,45.0,,"Sausages,Sausage,precooked,cooked"
"Sherbet, sorbet","Sherbet, 셔벗",8.0,냉동 식품,,270.0,,"Sherbet,sorbet"
"Shrimp, shellfish","새우, 조개류",8.0,냉동 식품,,450.0,,"Shrimp,shellfish,fish"
Soy crumbles and hot dogs,간장 부서와 핫도그,8.0,냉동 식품,,45.0,,"Soy crumbles,hot dogs,hot dog,soy,soy crumble"
Soy meat substitutes,간장 고기 대체물,8.0,냉동 식품,,450.0,,"Soy meat substitutes,soy,meat,soy meat,meat substitutes,substitutes,substitute"
Tempeh,템페,8.0,냉동 식품,,180.0,,Tempeh
Frozen entrees (prepared meals),냉동 앙트레 (준비된 식사),8.0,냉동 식품,,360.0,,"TV dinners,entrees,breakfast,dinners,dinner,entry,TV"
Vegetables,채소,8.0,냉동 식품,,420.0,,"Vegetables,vegetable"
Fresh pasta,신선한 파스타,9.0,"곡물, 콩 및 파스타",,,,"Fresh pasta,pasta"
Beans (dried),콩 (말린),9.0,"곡물, 콩 및 파스타",,,547.0,"Beans,dried"
Lentils (dried),렌즈 콩 (건조),9.0,"곡물, 콩 및 파스타",,,365.0,"Lentils,dried"
"Pasta (dry, without eggs)",파스타 (계란없이 건조),9.0,"곡물, 콩 및 파스타",,,730.0,"Pasta,dry,eggs,egg,without egg,without eggs"
Dry egg noodles,마른 계란 국수,9.0,"곡물, 콩 및 파스타",,,730.0,"Dry egg noodles,egg noodles,egg,noodles,noodle,dry"
Peas (dried split),완두콩 (말린 분할),9.0,"곡물, 콩 및 파스타",,,365.0,"Peas,Pea,dried split,split"
Rice (white or wild),쌀 (흰색 또는 야생),9.0,"곡물, 콩 및 파스타",,,730.0,"Rice,white,wild"
Rice (brown),쌀 (갈색),9.0,"곡물, 콩 및 파스타",,,365.0,"Rice,brown"
Barbecue sauce (bottled),바베큐 소스 (병),6.0,"조미료, 소스 및 통조림",,,365.0,"Barbecue sauce,sauce,bottled,Barbecue"
Chutney,처트니,6.0,"조미료, 소스 및 통조림",,,365.0,Chutney
"Cream sauces, milk solids","크림 소스, 우유 고체",6.0,"조미료, 소스 및 통조림",,,270.0,"Cream sauces,milk solids,sauce,solids,cream,sauces,milk,solid"
Dry gravy mixes,건조한 그레이비 믹스,6.0,"조미료, 소스 및 통조림",,,730.0,"Dry gravy mixes,gravy,mixes,mix,dry"
Gravy (jars and cans),그레이비 (항아리와 캔),6.0,"조미료, 소스 및 통조림",,,1277.0,"Gravy,jars,cans,jar,can"
Honey,꿀,6.0,"조미료, 소스 및 통조림",,,730.0,Honey
Horseradish (in jar),양 고추 냉이 (항아리),6.0,"조미료, 소스 및 통조림",360.0,,,"Horseradish,jar"
"Jams, jellies, and preserves","잼, 젤리 및 보존",6.0,"조미료, 소스 및 통조림",,,360.0,"Jams,jellies,preserves,jam,jelly,preserve"
"Ketchup, cocktail, or chili sauce","케첩, 칵테일 또는 칠리 소스",6.0,"조미료, 소스 및 통조림",,,365.0,"Ketchup,cocktail,chili sauce,sauce,chili"
Marinades,매리 네이드,6.0,"조미료, 소스 및 통조림",,,365.0,"Marinades,marinade"
Mayonnaise (commercial),마요네즈 (상업),6.0,"조미료, 소스 및 통조림",,,135.0,"Mayonnaise,commercial"
Mustard,겨자,6.0,"조미료, 소스 및 통조림",,,547.0,Mustard
Olives (black and green),올리브 (검은 색과 녹색),6.0,"조미료, 소스 및 통조림",,,450.0,"Olives,black,green,olive"
Pickles,절인 것,6.0,"조미료, 소스 및 통조림",,,365.0,"Pickles,pickle"
Pesto (jarred),페스토 (Jarred),6.0,"조미료, 소스 및 통조림",180.0,,,"Pesto,jarred,jar"
"Salad dressings (commercial, bottled)","샐러드 드레싱 (상업용, 병에 든)",6.0,"조미료, 소스 및 통조림",,,330.0,"Salad dressings,dressings,dressing,commercial,bottled,bottle,salad"
Salsa (picante and taco sauces),살사 (Picante and Taco 소스),6.0,"조미료, 소스 및 통조림",,,365.0,"Salsa,picante,taco sauces,taco,sauces,sauce"
"Sauce mixes (nondairy (spaghetti, taco, etc))","소스 믹스 (nondairy (스파게티, 타코 등))",6.0,"조미료, 소스 및 통조림",,,730.0,"Sauce mixes,sauce,mixes,mix,nondairy,dairy,spaghetti,taco"
Spaghetti sauce (in jars),스파게티 소스 (항아리),6.0,"조미료, 소스 및 통조림",,,540.0,"Spaghetti sauce,sauce,in jars,jars,jar,spaghetti"
Soy sauce or teriyaki sauce,간장 또는 테리야키 소스,6.0,"조미료, 소스 및 통조림",,,1095.0,"Soy sauce,teriyaki sauce,sauce,soy,teriyaki"
Vinegar,식초,6.0,"조미료, 소스 및 통조림",,,730.0,Vinegar
Worcestershire sauce,우스터 셔 소스,6.0,"조미료, 소스 및 통조림",,,365.0,"Worcestershire sauce,Worcestershire,sauce"
Jars or pouches,항아리 또는 파우치,1.0,유아식,,,,"Jars,pouches,jar,pouch"
Fruit,과일,1.0,유아식,,,,Fruit
Vegetables,채소,1.0,유아식,,,,"Vegetables,vegetable"
Dinners,저녁 식사,1.0,유아식,,,,"Dinners,dinner"
"Cereal, dry mixes","시리얼, 마른 믹스",1.0,유아식,,,,"Cereal,dry mixes,mixes,mix,dry"
Formula (prepared),공식 (준비),1.0,유아식,,,,"Formula,prepared,prepare"
Liquid concentrate or readytofeed formula,액체 농축 물 또는 기성적 인 공식,1.0,유아식,,,,"Liquid concentrate,ready to feed formula,concentrate,liquid,formula,feed,ready to feed,feed formula"
Applesauce (commercial),사과 소스 (상업),23.0,선반 안정적인 음식,,,450.0,"Applesauce,Apple,sauce,commercial"
Bacon bits (imitation),베이컨 비트 (모방),23.0,선반 안정적인 음식,,,365.0,"Bacon bits,bits,imitation,bacon,bit"
"Canned goods (low acid (such as meat, poultry, fish, gravy, stew, soups, beans, carrots, corn, pasta, peas, potatoes, spinach))","Canned goods (low acid (such as meat, poultry, fish, gravy, stew, soups, beans, carrots, corn, pasta, peas, potatoes, spinach))",23.0,선반 안정적인 음식,,,1277.0,"Canned goods,canned,can,goods,low acid,low,meat,poultry,fish,gravy,stew,soups,soup,beans,bean,carrots,carrot,corn,pasta,peas,pea,potatoes,potato,spinach"
"Canned goods (high acid (such as juices, fruit, pickles, sauerkraut, tomato soup, and foods in vinegarbased sauce))","Canned goods (high acid (such as juices, fruit, pickles, sauerkraut, tomato soup, and foods in vinegarbased sauce))",23.0,선반 안정적인 음식,,,450.0,"Canned goods,canned,can,goods,high acid,high,juices,juice,fruit,fruits,pickles,pickle,sauerkraut,tomato soup,soup,tomato,foods in vinegar based sauce,sauce,foods,food,vinegar based,vinegar"
Cereal (readytoeat),시리얼 (readytoeat),23.0,선반 안정적인 음식,,,270.0,"Cereal,ready,eat"
"Cereal (cook before eating (oatmeal, etc))",시리얼 (먹기 전 요리 (오트밀 등)),23.0,선반 안정적인 음식,,,360.0,"Cereal,cook before eating,oatmeal,oats,oat,meal"
Chocolate syrup,초콜릿 시럽,23.0,선반 안정적인 음식,,,730.0,"Chocolate syrup,Chocolate,syrup"
Crackers,호두 까는 기구,23.0,선반 안정적인 음식,,,240.0,"Crackers,cracker"
Graham crackeranimal cracker,Graham Crackeranimal Cracker,23.0,선반 안정적인 음식,,,225.0,"Graham cracker,animal cracker,Graham,cracker,animal"
"Fruits, dried (raisins, apricots, mangoes, cranberries, etc)","과일, 말린 (건포도, 살구, 망고, 크랜베리 ​​등)",23.0,선반 안정적인 음식,,,180.0,"Fruits,fruit,dried,raisins,raisin,apricots,apricot,mangoes,mangoe,cranberries,cranberry"
Gummy (fruit) snacks,구미 (과일) 간식,23.0,선반 안정적인 음식,,,225.0,"fruit snack,gummy,fruit,snacks,snack,gummy snacks,fruit snacks,gummy snack"
Marshmallows,마시멜로,23.0,선반 안정적인 음식,,,365.0,"Marshmallows,Marshmallow"
Marshmallow crème,마시멜로 크림,23.0,선반 안정적인 음식,,,105.0,"Marshmallow crème,Marshmallow,crème"
Milk (canned evaporated or condensed),우유 (통조림 증발 또는 응축),23.0,선반 안정적인 음식,,,360.0,"Milk,can,canned,evaporated,condensed,evaporate,condense"
Molasses,당밀,23.0,선반 안정적인 음식,,,547.0,Molasses
Mushrooms (dried),버섯 (말린),23.0,선반 안정적인 음식,,,547.0,"Mushrooms,Mushroom,dried"
Nuts (jars or cans),견과류 (항아리 또는 캔),23.0,선반 안정적인 음식,,,365.0,"Nuts,nut,jar,jars,cans,can"
Peanut butter (commercial),땅콩 버터 (상업),23.0,선반 안정적인 음식,,,450.0,"Peanut butter,butter,commercial,peanut"
Pectin,펙틴,23.0,선반 안정적인 음식,,,,Pectin
Popcorn (dry kernels in jar),팝콘 (JAR의 마른 커널),23.0,선반 안정적인 음식,,,730.0,"Popcorn,dry kernels in jar,jar,dry kernels,kernels,in jar,kernel,chips,chip"
Popcorn (commercially popped in bags),팝콘 (가방에 상업적으로 튀어 나온),23.0,선반 안정적인 음식,,,75.0,"Popcorn,commercially,popped in bags,bags,bag,in bags"
Popcorn (microwave packets),팝콘 (전자 레인지 패킷),23.0,선반 안정적인 음식,,,270.0,"Popcorn,microwave packets,packets,microwave,packet"
Potato chips,감자 칩,23.0,선반 안정적인 음식,,,60.0,"Potato chips,potato,chips,chip,potatoes"
Potatoes (instant),감자 (순간),23.0,선반 안정적인 음식,,,375.0,"Potatoes,Potato,instant"
Pretzels,프레즐,23.0,선반 안정적인 음식,,,195.0,"Pretzels,Pretzel"
Pudding mixes,푸딩 믹스,23.0,선반 안정적인 음식,,,365.0,"Pudding mixes,Pudding,mixes,mix"
Soup mixes (dry bouillon),수프 믹스 (드라이 부릴론),23.0,선반 안정적인 음식,,,365.0,"Soup mixes,mixes,mix,soup,dry bouillon,bouillon"
Sun dried tomatoes (jar),태양 말린 토마토 (jar),23.0,선반 안정적인 음식,,,365.0,"Sun dried tomatoes,dried tomatoes,sun,sun dried,dried,tomatoes,tomato"
Syrup,시럽,23.0,선반 안정적인 음식,,,365.0,Syrup
Toaster pastries,토스터 패스트리,23.0,선반 안정적인 음식,,,270.0,"Toaster pastries,pastry,Toaster,pastries"
Coffee (whole beans),커피 (전체 콩),5.0,음료수,,,120.0,"Coffee,whole beans,beans,whole,bean"
"Coffee (home ground, nonvacuum)","커피 (홈 그라운드, 비 바쿠움)",5.0,음료수,,,120.0,"Coffee,home ground,non vacuum,ground,home,vacuum"
Coffee (instant),커피 (즉석),5.0,음료수,,,365.0,"Coffee,instant"
Diet powder mixes and drink mixes,다이어트 파우더 믹스 및 음료 믹스,5.0,음료수,,,630.0,"Diet powder mixes,drink mixes,mixes,drink,powder mixes,diet powder,mix"
"Fruit Juice in cartons, fruit drinks, punch","상자, 과일 음료, 펀치의 과일 주스",5.0,음료수,,,21.0,"Fruit Juice in cartons,fruit drinks,punch,fruit,fruit juice,juice in cartons,cartons,carton,drinks,drink"
"Juice, boxes","주스, 상자",5.0,음료수,,,,"Juice, boxes,box"
"Nectar (papaya, mango, guava, or guavabana)","넥타 (파파야, 망고, 구아바 또는 구아바나)",5.0,음료수,,,450.0,"Nectar,papaya,mango,guava,guavabana,mangoes"
"Soda (carbonated cola drinks, mixers, diet sodas bottles or cans)","소다 (탄산 콜라 음료, 믹서, 다이어트 소다 병 또는 캔)",5.0,음료수,,,,"Soda,carbonated cola drinks,mixers,diet sodas,bottles,cans,cola drinks,drinks,drink,cola,carbonated,carbonated cola,mixer,diet,sodas,bottle,can"
Soy or rice beverage,간장 또는 쌀 음료,5.0,음료수,,,,"Soy,rice beverage,rice,beverage"
Tea (bags),차 (가방),5.0,음료수,,,810.0,"Tea,bags,bag"
Tea (instant),차 (즉석),5.0,음료수,,,912.0,"Tea,instant"
Tea (loose),차 (느슨한),5.0,음료수,,,730.0,"Tea,loose"
Water (commercially bottled),물 (상업적으로 병에 든),5.0,음료수,,,,"Water,commercially bottled,bottled,commercially,bottle,commercial"
Kumquats,Kumquats,18.0,생산 - 신선한 과일,,,,Kumquats
"Bagged greens (leaf, spinach, lettuce, etc)","포장 그린 (잎, 시금치, 양상추 등)",19.0,생산 - 신선한 야채,,,,"Bagged greens,leaf,spinach,lettuce,bagged,greens,green"
Tahini,타 히니,6.0,"조미료, 소스 및 통조림",,,365.0,Tahini
Egg salad,계란 샐러드,25.0,델리 & 준비된 음식,,,,"Egg salad,egg,salad"
Potato salad,감자 샐러드,25.0,델리 & 준비된 음식,,,,"Potato salad,potato,salad"
"Seafood salads ((tuna salad, shrimp salad, salmon salad, mixed seafood salad, etc))","해산물 샐러드 (참치 샐러드, 새우 샐러드, 연어 샐러드, 혼합 해산물 샐러드 등)))",25.0,델리 & 준비된 음식,,,,"Seafood salads,tuna salad, shrimp salad, salmon salad, mixed seafood salad,seafood,salads,salad,tuna,shrimp,salmon,mixed,mixed seafood,seafood salad,"
Chicken salad,치킨 샐러드,25.0,델리 & 준비된 음식,,,,"Chicken salad,chicken,salad"
Ham salad,햄 샐러드,25.0,델리 & 준비된 음식,,,,"Ham salad,ham,salad"
Pasta salad,파스타 샐러드,25.0,델리 & 준비된 음식,,,,"Pasta salad,pasta,salad"
Soy milk,콩 우유,7.0,유제품 및 계란,,,,"Soy milk,soy,milk"
Yamssweet potatoes,Yamssweet 감자,19.0,생산 - 신선한 야채,,,17.0,"Yams,sweet potatoes,potatoes,potato,yam"
Kale,케일,19.0,생산 - 신선한 야채,4.0,300.0,,Kale
Quinoa (uncooked),퀴 노아 (요리되지 않은),9.0,"곡물, 콩 및 파스타",,,912.0,"Quinoa,cooked,uncooked,cook"
Quinoa (cooked),퀴 노아 (요리),9.0,"곡물, 콩 및 파스타",,,,"Quinoa,cook,cooked"
Almond milk,아몬드 우유,7.0,유제품 및 계란,,,,"Almond milk,milk,almond"
Rice milk,쌀 우유,7.0,유제품 및 계란,,,,"Rice milk,rice,milk"
Coconut milk,코코넛 밀크,7.0,유제품 및 계란,,,,"Coconut milk,coconut,milk"
Coffee creamer (powdered),커피 크리머 (파우더),7.0,유제품 및 계란,,,730.0,"Coffee creamer,creamer,cream,coffee,powdered,powder"
Turkey bacon,터키 베이컨,14.0,가금류 - 요리 또는 가공,14.0,90.0,,"Turkey bacon,turkey,bacon"
Fruit cocktail (canned ),과일 칵테일 (통조림),23.0,선반 안정적인 음식,,,,"Fruit cocktail,cocktail,fruit,canned,can"
Black bean sauce,검은 콩 소스,6.0,"조미료, 소스 및 통조림",,,630.0,"Black bean sauce,sauce,bean,black,black bean,bean sauce"
Oyster sauce,굴 소스,6.0,"조미료, 소스 및 통조림",,,630.0,"Oyster sauce,oyster,sauce"
Hoisin sauce,호이신 소스,6.0,"조미료, 소스 및 통조림",,,630.0,"Hoisin sauce,sauce,Hoisin"
Pork roll,돼지 롤,12.0,고기 - 훈제 또는 가공,,,,"Pork roll,Pork,roll"
Almonds (shell),아몬드 (쉘),23.0,선반 안정적인 음식,480.0,600.0,180.0,"Almonds,Almond,shell"
Almonds (no shell),아몬드 (껍질 없음),23.0,선반 안정적인 음식,240.0,300.0,120.0,"Almonds,Almond,no shell,shell"
Cashews (no shell),캐슈 (쉘 없음),23.0,선반 안정적인 음식,180.0,360.0,21.0,"Cashews,Cashew,no shell,shell"
Macadamias (no shell),마카다미아 (껍질 없음),23.0,선반 안정적인 음식,360.0,720.0,21.0,"Macadamias,Macadamia,no shell,shell"
Peanuts (shell),땅콩 (쉘),23.0,선반 안정적인 음식,360.0,720.0,120.0,"Peanuts,Peanut,shell,nut"
Peanuts (no shell),땅콩 (껍질 없음),23.0,선반 안정적인 음식,360.0,720.0,28.0,"Peanuts,Peanut,no shell,shell,nut"
Pecans (shell),피칸 (쉘),23.0,선반 안정적인 음식,360.0,720.0,21.0,"Pecans,Pecan,shell"
Pecans (no shell),피칸 (껍질 없음),23.0,선반 안정적인 음식,270.0,720.0,21.0,"Pecans,Pecan,no shell,shell"
Pistachios (shell or no shell),피스타치오 (쉘 또는 쉘 없음),23.0,선반 안정적인 음식,360.0,720.0,21.0,"Pistachios,shell,no shell,Pistachio,pista"
Walnuts (shell or no shell),호두 (쉘 또는 껍질 없음),23.0,선반 안정적인 음식,315.0,720.0,21.0,"Walnuts,shell,no shell,walnut"
Lime juice,라임 주스,5.0,음료수,,,450.0,"Lime juice,lime,juice"
Lemon juice,레몬 주스,5.0,음료수,,,450.0,"Lemon juice,lemon,juice"
Bagel (fresh baked),베이글 (신선한 구운),2.0,구운 제품 - 빵집,,,1.0,"Bagel,fresh baked,baked"
Bagel (commercially frozen),베이글 (상업적으로 냉동),2.0,구운 제품 - 빵집,,,,"Bagel,commercially frozen,frozen"
"Muffin (homemade including bran, blueberry, banana, corn, chocolate chip)","머핀 (밀기울, 블루 베리, 바나나, 옥수수, 초콜릿 칩을 포함한 수제)",2.0,구운 제품 - 빵집,,,5.0,"Muffin,homemade including bran,homemade,bran,blueberry,banana,corn,chocolate chip,including bran,chocolate,chip"
Muffin (commercially packaged),머핀 (상업적으로 포장),2.0,구운 제품 - 빵집,,,5.0,"Muffin,commercially packaged,packaged"
"Muffin (mix, dry, commercially packaged)","머핀 (믹스, 건조, 상업적 포장)",2.0,구운 제품 - 빵집,,,270.0,"Muffin,mix,dry,commercially packaged,packaged,commercially,commercial"
Coconut oil,코코넛 오일,23.0,선반 안정적인 음식,,,1095.0,"Coconut oil,coconut,oil"
Orange juice (commercially packaged carton),오렌지 주스 (상업적으로 포장 된 상자),5.0,음료수,,300.0,,"Orange juice,commercially packaged carton,orange,juice,commercially,packaged,carton,packaged carton,commercially packaged,commercial"
Orange juice (commercially frozen concentrate),오렌지 주스 (상업적으로 냉동 농축액),5.0,음료수,,360.0,,"Orange juice,commercially frozen concentrate,orange,juice,commercially,frozen,concentrate,commercially frozen,frozen concentrate"
Orange juice (freshly squeezed),오렌지 주스 (갓 짜낸),5.0,음료수,,,,"Orange juice,orange,juice,freshly squeezed,squeezed,freshly,fresh,sqeeze"
Roasted red peppers (jar),구운 고추 (jar),23.0,선반 안정적인 음식,,,,"Roasted red peppers,roasted,red,peppers,jar,Roasted red,red peppers,pepper"
Whole wheat flour,통 밀가루,3.0,구운 식품 - 베이킹과 요리,,,360.0,"Whole wheat flour,Whole,wheat,flour,wheat flour,whole wheat"
Whole wheat bread (homemade),통 밀 빵 (수제),9.0,"곡물, 콩 및 파스타",,,4.0,"Whole wheat bread,Whole,wheat,bread,homemade,whole wheat,wheat bread"
Whole wheat bread (commercially baked presliced),통 밀 빵 (상업적으로 구운 소모),9.0,"곡물, 콩 및 파스타",,,4.0,"Whole wheat flour,Whole,wheat,flour,wheat flour,whole wheat,commercially baked,pre sliced,sliced,slice,baked,commercially,commercial"
Red wine,적포도주,5.0,음료수,,,1460.0,"Red wine,red,wine"
White wine,백포도주,5.0,음료수,,,547.0,"White wine,white,wine"
Dry stuffing mix (commercially packaged),드라이 스터핑 믹스 (상업적으로 포장),23.0,선반 안정적인 음식,,,315.0,"Dry stuffing mix,Dry stuffing,stuffing mix,Dry,stuffing,mix,commercially packaged,packaged,commercially,commercial,pack"
Powdered milk,분유,7.0,유제품 및 계란,,,1460.0,"Powdered milk,Powdered,milk,powder"
Almond butter,아몬드 버터,23.0,선반 안정적인 음식,,,365.0,"Almond butter,Almond,butter"
Cashew butter,캐슈 버터,23.0,선반 안정적인 음식,,,90.0,"Cashew butter,Cashew,butter"
"Salt (table, plain, or iodized)","소금 (표, 평원 또는 요오드화)",23.0,선반 안정적인 음식,,,,"Salt,table,plain,iodized"
"Black pepper (ground, dried, commercially bottled or purchased in bulk)","검은 후추 (지면, 말린, 상업적으로 병에 든 또는 대량으로 구입)",23.0,선반 안정적인 음식,,,730.0,"Black pepper,black,pepper,ground,dried,commercially bottled,commercially,bottled,bottle,commercial,purchased in bulk,bulk,purchased,purchase"
"Black pepper (cracked, dried, commercially bottled or purchased in bulk)","검은 후추 (금이 간, 건조, 상업적으로 병에 든 또는 벌크로 구입)",23.0,선반 안정적인 음식,,,912.0,"Black pepper,black,pepper,crack,cracked,dried,commercially bottled,commercially,bottled,bottle,commercial,purchased in bulk,bulk,purchased,purchase"
"Cajun seasoning blend (ground, dried, commercially bottled or purchased in bulk)","케이준 조미료 블렌드 (지면, 건조, 상업적으로 병에 든 또는 벌크로 구매)",23.0,선반 안정적인 음식,,,547.0,"Cajun seasoning blend,Cajun,seasoning,blend,Cajun seasoning,seasoning blend,ground,dried,commercially bottled,commercially,bottled,bottle,commercial,purchased in bulk,bulk,purchased,purchase"
"Cinnamon (ground, dried, commercially bottled or purchased in bulk)","계피 (지면, 건조, 상업적으로 병에 든 또는 대량으로 구매)",23.0,선반 안정적인 음식,,,1277.0,"Cinnamon,ground,dried,commercially bottled,commercially,bottled,bottle,commercial,purchased in bulk,bulk,purchased,purchase"
"Cumin (ground, dried, commercially bottled or purchased in bulk, opened or unopened)","커민 (지상, 건조, 상업적으로 병에 든 또는 대량으로 구입, 개방 또는 개봉)",23.0,선반 안정적인 음식,,,1277.0,"Cumin,ground,dried,commercially bottled,commercially,bottled,bottle,commercial,purchased in bulk,bulk,purchased,purchase,opened,unopened,open,unopen"
"Garlic powder (dried, commercially bottled or purchased in bulk)","마늘 가루 (건조, 상업적으로 병에 든 또는 대량으로 구입)",23.0,선반 안정적인 음식,,,1277.0,"Garlic powder,garlic,powder,dried,commercially bottled,commercially,bottled,bottle,commercial,purchased in bulk,bulk,purchased,purchase"
"Onion powder (dried, commercially bottled or purchased in bulk)","양파 가루 (건조, 상업적으로 병에 든 또는 대량으로 구입)",23.0,선반 안정적인 음식,,,1277.0,"Onion powder,onion,powder,dried,commercially bottled,commercially,bottled,bottle,commercial,purchased in bulk,bulk,purchased,purchase"
"Nutmeg (ground, dried, commercially bottled or purchased in bulk)","Nutmeg (지면, 건조, 상업적으로 병에 든 또는 대량으로 구매)",23.0,선반 안정적인 음식,,,1277.0,"Nutmeg,ground,dried,commercially bottled,commercially,bottled,bottle,commercial,purchased in bulk,bulk,purchased,purchase"
Nacho cheese (store bought),나초 치즈 (매장 구입),7.0,유제품 및 계란,,90.0,730.0,"Nacho cheese,nacho,cheese,store bought,store"
Star fruit,스타 과일,18.0,생산 - 신선한 과일,10.0,,7.0,"Star fruit,fruit,fruits"
Prickly pear,가시 배,18.0,생산 - 신선한 과일,10.0,,3.0,"Prickly pear,pear,pickle"
Pitayadragon fruit,피타 야드 라곤 과일,18.0,생산 - 신선한 과일,17.0,,3.0,"Pitaya,dragon fruit,fruit,fruits"
Strawberries,딸기,18.0,생산 - 신선한 과일,2.0,,,"Strawberries,strawberry"
Raspberries,라즈베리,18.0,생산 - 신선한 과일,2.0,,,"Raspberries,raspberry"
Cherries,체리,18.0,생산 - 신선한 과일,2.0,,,"Cherries,cherry"
Broth (homemade),국물 (수제),6.0,"조미료, 소스 및 통조림",,,,"Broth,homemade"
Beef brothstockconsommé (commercially produced),Beef Brothstockconsommé (상업적으로 생산),6.0,"조미료, 소스 및 통조림",,,,"Beef broth, beef stock,beef consommé,consommé,commercially produced"
Chicken brothstockconsommé (commercially produced),닭고기 브로스 스톡 콘월메 (상업적으로 생산),6.0,"조미료, 소스 및 통조림",,,,"Chicken broth,chicken stock,consommé,commercially produced"
Vegetable stockbroth (commercially produced),야채 스톡 브로스 (상업적으로 생산),6.0,"조미료, 소스 및 통조림",,,,"Vegetable stock,Vegetable broth,broth,commercial vegetable stock,commercial vegetable broth,vegetable"
"Peanut butter (commercially produced, containing hydrogenated fat or other stabilizers)",땅콩 버터 (수소화 지방 또는 기타 안정제를 함유 한 상업적으로 생산됨),23.0,선반 안정적인 음식,360.0,,225.0,"Peanut butter,butter,commercial peanut butter, hydrogenated fat,fat,stabilizers,stabilizer"
Peanut butter (natural),땅콩 버터 (천연),23.0,선반 안정적인 음식,360.0,,,"Peanut butter,butter,natural"
Ricotta,리코 타,7.0,유제품 및 계란,14.0,,,Ricotta
Baby carrots,아기 당근,19.0,생산 - 신선한 야채,28.0,,4.0,"Baby carrots, carrot,baby carrot"
Jicama (fresh),JICAMA (신선한),19.0,생산 - 신선한 야채,17.0,,120.0,"Jicama,fresh"
Kimchi,김치,19.0,생산 - 신선한 야채,270.0,,,Kimchi
Kohlrabi,Kohlrabi,19.0,생산 - 신선한 야채,7.0,,,Kohlrabi
Watermelon,수박,18.0,생산 - 신선한 과일,3.0,,1.0,Watermelon
Cantaloupe,멜론,18.0,생산 - 신선한 과일,10.0,,3.0,Cantaloupe
Honeydew,단물,18.0,생산 - 신선한 과일,3.0,,4.0,Honeydew
"Peanuts (boiled, shelled)","땅콩 (삶은, 껍질)",9.0,"곡물, 콩 및 파스타",,,1095.0,"Peanuts,boiled, shelled,peanut"
Refried beans,재 설인 콩,9.0,"곡물, 콩 및 파스타",,,1095.0,"Refried beans,refried bean"
Relish,맛,6.0,"조미료, 소스 및 통조림",270.0,,900.0,Relish
Tomato paste,토마토 페이스트,23.0,선반 안정적인 음식,,,810.0,Tomato paste
Tapenade,태전자,23.0,선반 안정적인 음식,270.0,,270.0,Tapenade
Flaxseed (whole seed),아마씨 (전체 씨앗),23.0,선반 안정적인 음식,,,730.0,"Flaxseed,whole seed,seed"
Flaxseed (ground),아마씨 (지상),23.0,선반 안정적인 음식,360.0,,,"Flaxseed,ground"
Lemongrass,레몬 그라스,19.0,생산 - 신선한 야채,8.0,180.0,,Lemongrass
Cilantro,실란트로,19.0,생산 - 신선한 야채,,,10.0,Cilantro
Mint,박하,19.0,생산 - 신선한 야채,,,10.0,Mint
Basil (dried),바질 (말린),19.0,생산 - 신선한 야채,,,360.0,"Basil,dried"
Basil (fresh),바질 (신선한),19.0,생산 - 신선한 야채,,,5.0,"Basil,fresh"
Oregano,오레가노,19.0,생산 - 신선한 야채,,,10.0,Oregano
Rosemary,로즈마리,19.0,생산 - 신선한 야채,,,10.0,Rosemary
Chives,향신료,19.0,생산 - 신선한 야채,,,10.0,Chives
Thyme,백리향,19.0,생산 - 신선한 야채,,,10.0,Thyme
"Turkey (prepackaged, luncheondeli meat)","칠면조 (사전 패키지, 오찬 오데 델리 고기)",25.0,델리 & 준비된 음식,14.0,45.0,,"Turkey,pre-packaged,luncheon/deli meat,packaged,luncheon,deli"
"Ham (prepackaged, luncheondeli meat)","햄 (사전 패키지, 오찬 오데 델리 고기)",25.0,델리 & 준비된 음식,14.0,45.0,,"Ham,pre-packaged,luncheon/deli meat,packaged,luncheon,deli"
"Salami (prepackaged, luncheondeli meat)","살라미 (사전 패키지, 오찬 오데 델리 고기)",25.0,델리 & 준비된 음식,14.0,45.0,,"Salami,pre-packaged,luncheon meat,deli meat,packaged,luncheon/deli,pre"
"Chicken (prepackaged, luncheondeli meat)","닭고기 (사전 패키지, 오찬 오데 델리 고기)",25.0,델리 & 준비된 음식,14.0,45.0,,"Chicken,pre-packaged,luncheon meat,deli meat,packaged"
Canadian bacon (whole),캐나다 베이컨 (전체),25.0,델리 & 준비된 음식,,,,"Canadian bacon,bacon,whole"
Canadian bacon (sliced),캐나다 베이컨 (슬라이스),25.0,델리 & 준비된 음식,80.0,,,"Canadian bacon,bacon,sliced"
Canola oil,카놀라유,23.0,선반 안정적인 음식,,,365.0,"Canola oil,canola"
Almond oil,아몬드 오일,23.0,선반 안정적인 음식,730.0,,365.0,"Almond oil,almond"
Sunflower oil,해바라기 오일,23.0,선반 안정적인 음식,,,365.0,"Sunflower oil,oil,sunflower"
Grapeseed oil,포도 적 기름,23.0,선반 안정적인 음식,,,365.0,"Grapeseed oil,grapeseed,oil"
Duck fat,오리 지방,6.0,"조미료, 소스 및 통조림",,,,"Duck fat,duck"
Bacon grease,베이컨 그리스,6.0,"조미료, 소스 및 통조림",,,,"Bacon grease,bacon,grease"
Frying oil (reused),프라이드 오일 (재사용),6.0,"조미료, 소스 및 통조림",,,,"Frying oil,re-used oil,oil"
Almond extract,아몬드 추출물,3.0,구운 식품 - 베이킹과 요리,,,730.0,Almond extract
Cinnamon extract,계피 추출물,3.0,구운 식품 - 베이킹과 요리,,,730.0,Cinnamon extract
Lemon extract,레몬 추출물,3.0,구운 식품 - 베이킹과 요리,,,730.0,"Lemon extract,lemon"
Pure vanilla extract,순수한 바닐라 추출물,3.0,구운 식품 - 베이킹과 요리,,,730.0,"vanilla,vanila extract"
Butter flavor,버터 맛,3.0,구운 식품 - 베이킹과 요리,,,730.0,"Butter flavor,butter"
Coconut flavor,코코넛 맛,3.0,구운 식품 - 베이킹과 요리,,,730.0,"Coconut flavor,coconut"
"Genuine Maple syrup (unopened, glass)","진정한 메이플 시럽 (개봉, 유리)",23.0,선반 안정적인 음식,,,1460.0,"Genuine Maple syrup,syrup,unopened, glass"
"Genuine Maple syrup (unopened, plastic)",진정한 메이플 시럽 (개봉되지 않은 플라스틱),23.0,선반 안정적인 음식,,,730.0,"Genuine Maple syrup,syrup,unopened, plastic"
Lemon juice (fresh squeezed),레몬 주스 (신선한 압박),5.0,음료수,,,,"Lemon juice,juice,fresh squeezed,squeezed,juices"
Apple juice (fresh squeezed),사과 주스 (신선한 압박),5.0,음료수,,,,"Apple juice,juice,fresh squeezed,squeezed,juices,apple"
Carrot juice (fresh squeezed),당근 주스 (신선한 압박),5.0,음료수,,,,"Carrot juice,juice,fresh squeezed,squeezed,juices"
Hard liquors,하드 주류,5.0,음료수,,,,"Hard liquors,liquor"
Cream liquors (unopened),크림 주류 (개봉되지 않은),5.0,음료수,,,210.0,"Cream liquors,liquors,unopened,liquor"
"Coffee (commercial ground, nonvacuum)","커피 (상업 지상, 비 바쿠움)",5.0,음료수,,,730.0,"Coffee,commercial ground, non-vacuum"
Macaroons (french),마카롱 (프랑스어),2.0,구운 제품 - 빵집,,,1.0,"Macaroons,Macaroon,french"
Milk (lactosefree),우유 (유당),7.0,유제품 및 계란,,,,"Milk,lactose,lactose-free"
String Cheese,끈 치즈,7.0,유제품 및 계란,150.0,,,"String Cheese,cheese"
Vegan Cheddar Cheese,비건 채식 체다 치즈,7.0,유제품 및 계란,120.0,,,"Vegan Cheddar Cheese,cheese,cheddar"
Quark (fresh cheese),쿼크 (신선한 치즈),7.0,유제품 및 계란,,,,"Quark,fresh cheese,cheese"
"Zucchini (fresh, whole)","호박 (신선한, 전체)",19.0,생산 - 신선한 야채,,,,"Zucchini,fresh, whole"
Hot peppers,고추,19.0,생산 - 신선한 야채,7.0,,,"Hot peppers,pepper"
Bean sprouts,콩나물,19.0,생산 - 신선한 야채,7.0,,,"Bean sprouts,bean,sprouts"
Swiss chard,스위스 차드,19.0,생산 - 신선한 야채,10.0,,,"Swiss chard,chard"
Puff pastry,퍼프 페이스트리,4.0,구운 제품 - 냉장 반죽,,,,"Puff pastry,pastry,pastries,puff"
Biscuits (refrigerated),비스킷 (냉장),4.0,구운 제품 - 냉장 반죽,,,,"Biscuits,Biscuits,refrigerated"
Tortillas (corn),옥수수 (옥수수),9.0,"곡물, 콩 및 파스타",75.0,,35.0,"Tortillas,corn"
Pie crust (refrigerated),파이 크러스트 (냉장),4.0,구운 제품 - 냉장 반죽,,,,"Pie crust,crust,refrigerated,pie"
Granola,그라 놀라,23.0,선반 안정적인 음식,,,225.0,Granola
Pork rinds,돼지 고기 껍질,23.0,선반 안정적인 음식,,,120.0,"Pork rinds,pork,rinds"
Apple cider vinegar,사과 사이다 식초,6.0,"조미료, 소스 및 통조림",,,,"Apple cider vinegar,Apple cider, vinegar,cider,apple"
Nutrition supplement drinks (canned),영양 보충 음료 (통조림),5.0,음료수,,,1277.0,"Nutrition supplement drinks,drinks,canned,supplement,Boost,Ensure"
Hot sauce,매운 소스,6.0,"조미료, 소스 및 통조림",,,180.0,"Hot sauce,sauce"
Thai red curry paste,타이 붉은 카레 페이스트,6.0,"조미료, 소스 및 통조림",,,730.0,"Thai red curry paste,red curry paste,curry paste,paste,curry"
Yeast (packaged),효모 (포장),3.0,구운 식품 - 베이킹과 요리,,,730.0,"Yeast,packaged"
Applesauce (homemade),사과 소스 (수제),18.0,생산 - 신선한 과일,,,,"Applesauce,homemade"
Pate (meat ),페이트 (고기),12.0,고기 - 훈제 또는 가공,,,,"Pate,meat"
Pate (poultry),페이트 (가금류),14.0,가금류 - 요리 또는 가공,,,,"Pate,poultry"
Cranberry sauce (canned),크랜베리 소스 (통조림),6.0,"조미료, 소스 및 통조림",,,730.0,"Cranberry sauce,sauce,canned"
Cranberry sauce (homemade),크랜베리 소스 (수제),6.0,"조미료, 소스 및 통조림",,,,"Cranberry sauce,sauce,homemade"
Vegetable juice (shelfstable),야채 주스 (shelfstable),5.0,음료수,,,540.0,"Vegetable juice,stable,shelf,shelf-stable"
"Vegetable juice (commercial, sold refrigerated)","야채 주스 (상업용, 냉장 판매)",5.0,음료수,,,,"Vegetable juice,commercial,refrigerated,vegetable"
Vegetable juice (homemade),야채 주스 (수제),5.0,음료수,,,,"Vegetable juice,juices,homemade,vegetable"
Marinated vegetables (in oil),절인 야채 (기름),19.0,생산 - 신선한 야채,,,,"Marinated vegetables,vegetables,oil,vegetable"
Pizza (frozen),피자 (냉동),8.0,냉동 식품,,,,"Pizza,frozen"
Salsa (fresh),살사 (신선한),25.0,델리 & 준비된 음식,,,,"Salsa,fresh"
Chia seeds,치아 씨앗,23.0,선반 안정적인 음식,,,540.0,"Chia seeds,chia,seed,seeds"
Bread (homemade),빵 (수제),2.0,구운 제품 - 빵집,,,4.0,"Bread,Breads,homemade"
Amaranth (whole grain),아마란드 (곡물),9.0,"곡물, 콩 및 파스타",,,120.0,"Amaranth,whole grain,grain"
"Amaranth (flour, meal)","아마란드 (밀가루, 식사)",3.0,구운 식품 - 베이킹과 요리,,,60.0,"Amaranth,flour,meal"
Barley (whole grain),보리 (통 곡물),9.0,"곡물, 콩 및 파스타",,,180.0,"Barley,whole grain,grain"
"Barley (flour, meal)","보리 (밀가루, 식사)",3.0,구운 식품 - 베이킹과 요리,,,90.0,"Barley,flour, meal"
Buckwheat (whole grain),메밀 (통 곡물),9.0,"곡물, 콩 및 파스타",,,60.0,"Buckwheat,whole grain,grain"
"Buckwheat (flour, meal)","메밀 (밀가루, 식사)",3.0,구운 식품 - 베이킹과 요리,,,30.0,"Buckwheat,flour, meal,meal"
Farro (whole grain),파로 (통 곡물),9.0,"곡물, 콩 및 파스타",,,180.0,"Farro,whole grain,grain"
"Farro (flour, meal)","Farro (밀가루, 식사)",3.0,구운 식품 - 베이킹과 요리,,,90.0,"Farro,flour, meal"
Millet (whole grain),기장 (곡물),9.0,"곡물, 콩 및 파스타",,,60.0,"Millet,whole grain,grain"
"Millet (flour, meal)","기장 (밀가루, 식사)",3.0,구운 식품 - 베이킹과 요리,,,30.0,"Millet,flour, meal"
Oats (whole grain),귀리 (통 곡물),9.0,"곡물, 콩 및 파스타",,,120.0,"Oat,Oats,whole grain,grain"
"Oats (flour, meal)","귀리 (밀가루, 식사)",3.0,구운 식품 - 베이킹과 요리,,,60.0,"Oats,Oat,flour, meal"
Rye (whole grain),호밀 (통 곡물),9.0,"곡물, 콩 및 파스타",,,180.0,"Rye,whole grain,grain"
"Rye (flour, meal)","호밀 (밀가루, 식사)",3.0,구운 식품 - 베이킹과 요리,,,90.0,"Rye,flour, meal"
Sorghum (whole grain),수수 (통 곡물),9.0,"곡물, 콩 및 파스타",,,120.0,"Sorghum,whole grain,grain"
"Sorghum (flour, meal)","수수 (밀가루, 식사)",3.0,구운 식품 - 베이킹과 요리,,,60.0,"Sorghum,flour, meal"
Spelt (whole grain),철자 (통 곡물),9.0,"곡물, 콩 및 파스타",,,180.0,"Spelt,whole grain,grain"
"Spelt (flour, meal)","철자 (밀가루, 식사)",3.0,구운 식품 - 베이킹과 요리,,,90.0,"Spelt,flour, meal"
Teff (whole grain),테프 (통 곡물),9.0,"곡물, 콩 및 파스타",,,120.0,"Teff,whole grain,grain"
"Teff (flour, meal)","테프 (밀가루, 식사)",3.0,구운 식품 - 베이킹과 요리,,,60.0,"Teff,flour, meal"
"Rabbit (whole, fresh)","토끼 (전체, 신선한)",10.0,고기 - 신선한,,,,"Rabbit,whole, fresh"
Spaghetti squash (whole),스파게티 스쿼시 (전체),19.0,생산 - 신선한 야채,,,60.0,"Spaghetti squash,squash,whole"
Spaghetti squash (cut),스파게티 스쿼시 (컷),19.0,생산 - 신선한 야채,,,,"Spaghetti squash,squash,cut"
Garam masala,가람 마살라,3.0,구운 식품 - 베이킹과 요리,,,365.0,Garam masala
"Tomato sauce (spaghetti, pizza)","토마토 소스 (스파게티, 피자)",6.0,"조미료, 소스 및 통조림",,,,"Tomato sauce,sauce,spaghetti, pizza"
Cherry tomatoes,체리 토마토,19.0,생산 - 신선한 야채,,,10.0,"Cherry, tomatoes,tomato"
Coconut cream (canned),코코넛 크림 (통조림),23.0,선반 안정적인 음식,,,1277.0,"coconut cream,coconut,cream,canned,can"
Coconut milk (canned),코코넛 밀크 (통조림),23.0,선반 안정적인 음식,,,1277.0,"coconut milk,coconut,milk,canned,can"
"Coleslaw (homemade, prepared)","양배추 샐러드 (수제, 준비)",25.0,델리 & 준비된 음식,,,,"coleslaw,homemade,homemade coleslaw,prepared,prepared coleslaw"
"Pumpkin seeds (raw, no shell)","호박 씨앗 (생, 껍질 없음)",23.0,선반 안정적인 음식,,,180.0,"pumpkin,pumpkin seed,pumpkin seeds,seed,seeds"
"Pumpkin seeds (raw, inshell)","호박 씨앗 (생, 인셔)",23.0,선반 안정적인 음식,,,180.0,"pumpkin,pumpkin seed,pumpkin seeds,seed,seeds"
"Pumpkin seeds (roasted, noshell)","호박 씨앗 (구운, 노 셀)",23.0,선반 안정적인 음식,,,180.0,"pumpkin,pumpkin seed,pumpkin seeds,seed,seeds"
"Pumpkin seeds (roasted, inshell)","호박 씨앗 (구운, 인셔)",23.0,선반 안정적인 음식,,,180.0,"pumpkin,pumpkin seed,pumpkin seeds,seed,seeds"
"Sunflower seeds (raw, unsalted, no shell)","해바라기 씨앗 (생, 무감각, 껍질 없음)",23.0,선반 안정적인 음식,,,360.0,"sunflower,sunflower seed,sunflower seeds,seed,seeds"
"Sunflower seeds (roasted, no shell)","해바라기 씨앗 (구운, 껍질 없음)",23.0,선반 안정적인 음식,,,360.0,"sunflower,sunflower seed,sunflower seeds,seed,seeds,kernal,shell"
"Sunflower seeds (roasted, salted, in shell)","해바라기 씨앗 (구운, 소금에 절인 껍질)",23.0,선반 안정적인 음식,,,,"sunflower,sunflower seed,sunflower seeds,seed,seeds"
Parsley (fresh),파슬리 (신선한),19.0,생산 - 신선한 야채,,,,parsley
Sesame oil,참깨 오일,23.0,선반 안정적인 음식,,,730.0,"sesame oil,sesame,oil"
Sesame seeds,참깨 씨앗,23.0,선반 안정적인 음식,,,1825.0,"sesame seeds,sesame,seeds,seed"
Capers (in jar),케이 퍼 (항아리),23.0,선반 안정적인 음식,,,,"capers,caper,jar capers,in jar,jar"
Chocolate hazlenut spread,초콜릿 Hazlenut 스프레드,23.0,선반 안정적인 음식,,,,"hazelnut spread, spread, hazelnut, chocolate spread, chocolate,Nutella,cocoa,cocoa spread"
"Roasted nuts (peanuts, cashews, almonds)","구운 견과류 (땅콩, 캐슈, 아몬드)",23.0,선반 안정적인 음식,,,,"roasted nuts,roasted,nuts,roasted peanuts,roasted almonds,roasted cashews,almonds,cashews,peanuts"
Tuna (packet),참치 (패킷),23.0,선반 안정적인 음식,,,540.0,"tuna packet,tuna,packet,retort,retort packaging"
Tuna (canned),참치 (통조림),23.0,선반 안정적인 음식,,,1095.0,"canned tuna,tuna,canned"
Seafood (canned),해산물 (통조림),23.0,선반 안정적인 음식,,,365.0,"canned seafood,seafood,canned"
Pimento cheese (packaged),피 멘토 치즈 (포장),7.0,유제품 및 계란,,,,"pimento cheese,pimento,cheese"
Bison (whole),들소 (전체),10.0,고기 - 신선한,,,,"bison whole,bison,whole"
Bison (ground),들소 (지상),10.0,고기 - 신선한,,,,"ground bison,bison,ground"
Salad dressing (creamy),샐러드 드레싱 (크림),6.0,"조미료, 소스 및 통조림",,,180.0,"creamy salad dressing,salad,dressing,salad dressing,creamy"
"Salad dressing (vinaigrette,homemade)","샐러드 드레싱 (비네 그레트, 수제)",6.0,"조미료, 소스 및 통조림",,,,"salad dressing,vinaigrette,salad,dressing,homemade"
Salad dressing (vinaigrette),샐러드 드레싱 (비네 그레트),6.0,"조미료, 소스 및 통조림",,,180.0,"salad dressing,vinaigrette,salad,dressing"
"Salad dressing (dry,packaged)","샐러드 드레싱 (건조, 포장)",6.0,"조미료, 소스 및 통조림",,,,"salad dressing,salad,dressing,dry,packaged,package,powdered,powder"
Grits (boxed),그릿 (박스형),23.0,선반 안정적인 음식,,,360.0,"boxed grits,grits,boxed,box"
"Cheese Curds (fresh, unaged)",치즈 커드 (신선하고 미확인),7.0,유제품 및 계란,,,,"cheese curd,cheese,curd,curds,cheese curds"
Vegetable soup (homemade),야채 수프 (수제),25.0,델리 & 준비된 음식,,,,"vegetable soup,vegetable,soup"
Chorizo (fresh),chorizo ​​(신선한),10.0,고기 - 신선한,,,,"fresh chorizo,chorizo"
"Chorizo (smoked and processed, uncooked)","chorizo ​​(훈제 및 가공, 요리되지 않은)",12.0,고기 - 훈제 또는 가공,,,,"smoked chorizo,chorizo,processed chorizo,smoked,processed,uncooked,uncooked processed chorizo,uncooked smoked chorizo"
"Chorizo (smoked and processed, cooked)","chorizo ​​(훈제 및 가공, 요리)",12.0,고기 - 훈제 또는 가공,,,365.0,"smoked chorizo,chorizo,processed chorizo,smoked,processed,cooked,cooked processed chorizo,cooked smoked chorizo"
Beets (pickled),사탕무 (절인),23.0,선반 안정적인 음식,,,365.0,"pickled beets,beets,pickled"
"Cinnamon rolls (unbaked, tube)","계피 롤 (unbaked, 튜브)",4.0,구운 제품 - 냉장 반죽,,,,"cinnamon rolls,cinnamon roll,cinnamon,roll,rolls"
Cinnamon rolls (baked),계피 롤 (구운),3.0,구운 식품 - 베이킹과 요리,,,2.0,"cinnamon rolls,cinnamon roll,cinnamon,roll,rolls"
Cooking wine,요리 와인,6.0,"조미료, 소스 및 통조림",,,,"cooking wine,wine,cooking"
Bulgur,불가르,9.0,"곡물, 콩 및 파스타",,,270.0,bulgur
Bratwurst (fresh),Bratwurst (신선한),10.0,고기 - 신선한,,,,"fresh brautwurst,brautwurst,fresh"
Bratwurst (smoked and processed),Bratwurst (담배 및 가공),12.0,고기 - 훈제 또는 가공,,,,"smoked brautwurst,processed brautwurst,bratwurst,smoked,processed"
Edamame (fresh),에다메 (신선한),19.0,생산 - 신선한 야채,,,,"edamame,fresh,fresh edamame,soybeans,soybean"
Edamame (frozen),에다메 (냉동),8.0,냉동 식품,,730.0,,"edamame,frozen,frozen edamame,soybean,soybeans"
"Edamame (salted, dry roasted, out of pod)","에다 메 (Edamame) (소금에 절인, 드라이 로스트, 포드에서)",23.0,선반 안정적인 음식,,,360.0,"edamame,soybean,soybeans,salted,roasted,dry roasted"
Breadcrumbs (commercial),빵 부스러기 (상업),23.0,선반 안정적인 음식,,,180.0,"breadcrumbs,breadcrumb"
Milk (shelfstable),우유 (shelfstable),23.0,선반 안정적인 음식,,,270.0,"shelf stable milk,milk,shelf,stable,UHT,ultrapasteurized,aseptic packaging"
"Salsa (homemade, fresh)","살사 (수제, 신선한)",25.0,델리 & 준비된 음식,,,,"homemade salsa,homemade,salsa"
"Salsa (homemade, canned)","살사 (수제, 통조림)",6.0,"조미료, 소스 및 통조림",,,315.0,"homemade salsa,homemade,salsa"
"Tomato Sauce (homemade, canned)","토마토 소스 (수제, 통조림)",6.0,"조미료, 소스 및 통조림",,,315.0,"homemade tomato sauce,homemade sauce,homemade spaghetti sauce,spaghetti sauce,tomato sauce,homemade"
"Barbecue Sauce (homemade, canned)","바베큐 소스 (수제, 통조림)",6.0,"조미료, 소스 및 통조림",,,315.0,"homemade barbecue sauce,homemade sauce,homemade BBQ sauce,BBQ sauce,barbecue sauce"
Ghee,버터 기름,7.0,유제품 및 계란,,,210.0,"ghee,clarified butter,clarified,butter"
Corn syrup,옥수수 시럽,23.0,선반 안정적인 음식,,,1095.0,"corn syrup,corn,syrup"
Nutrition supplement drinks (bottled),영양 보충 음료 (병),23.0,선반 안정적인 음식,,,,"Nutrition supplement drinks,drinks,bottled,supplement"
Instant breakfast drinks (bottled),인스턴트 아침 음료 (병),23.0,선반 안정적인 음식,,,180.0,"instant breakfast drinks,instant,breakfast,drinks,instant breakfast,instant drink,carnation,bottled instant breakfast drink,bottled instant breakfast,bottled breakfast"
Pine nuts,소나무 너트,23.0,선반 안정적인 음식,,,17.0,"pine nuts,pine nut,pine,nut,nuts"
Coconut flour,코코넛 가루,3.0,구운 식품 - 베이킹과 요리,,,,"coconut flour,coconut,flour"
Pecans (chopped),피칸 (다진),23.0,선반 안정적인 음식,,,,"chopped pecans,pecan,pecans,chopped"
Polenta (shelfstable),폴렌타 (shelfstable),23.0,선반 안정적인 음식,,,,"polenta,shelf stable,shelf stable polenta"
Polenta (frozen),폴렌타 (냉동),8.0,냉동 식품,,,,"polenta,frozen,frozen polenta"
Cereal or granola bars,시리얼 또는 그라 놀라 바,23.0,선반 안정적인 음식,,,270.0,"bars,bar,granola bars,granola bar,granola,cereal bars,cereal bar,nutrition bars,nutrition bar,energy bars,energy bar,health bars,health bar,fruit bars,fruit bar,snack bars,snack barsnack,,nut bars,nut bar,seed bars,seed bar,crunchy bars,crunchy bar,breakfast,breakfast bar,breakfast bars"
Milk (ultrapasteurized),우유 (울트라 테아 살),23.0,선반 안정적인 음식,,,,"ultra pasteurized milk,milk,pasteurized,ultra"
Coconut water,코코넛 워터,5.0,음료수,,,360.0,"coconut water,coconut,water"
Celery root,셀러리 뿌리,19.0,생산 - 신선한 야채,,,,"celeriac,celery root,celery"
Apple cider (fresh),사과 사이다 (신선한),5.0,음료수,,,2.0,"apple cider,apple,cider"
Yuzu juice,유주 주스,5.0,음료수,315.0,,150.0,"yuzu juice,yuzu,juice"
"Yuzu (fruit, fresh)","유주 (과일, 신선함)",5.0,음료수,,,,"yuzu,yuzu fruit"
Pastrami,파스트 라미,12.0,고기 - 훈제 또는 가공,,,,pastrami
Kugel (commercial),Kugel (상업),8.0,냉동 식품,,,,"kugel,commercial,commercial kugel"
Kugel (homemade),Kugel (수제),25.0,델리 & 준비된 음식,,,,"kugel,homemade,homemade kugel"
Avocado Oil,아보카도 오일,23.0,선반 안정적인 음식,,,730.0,"avodaco oil,avocado,oil"
Balsamic vinegar,발사믹 식초,6.0,"조미료, 소스 및 통조림",,,1460.0,"balsamic vinegar,balsamic,vinegar"
Aioli (homemade),Aioli (수제),6.0,"조미료, 소스 및 통조림",,,,"garlic aioli,aioli,garlic,mayonnaise,mayo,garlic mayo,garlic mayonnaise,mayo"
Salad dressing (homemade),샐러드 드레싱 (수제),6.0,"조미료, 소스 및 통조림",,,,"homemade salad dressing,homemade,salad dressing,salad,dressing"
"Base (beef, vegetable)","베이스 (쇠고기, 야채)",23.0,선반 안정적인 음식,,,,"beef base,vegetable base,base,beef,vegetable"
Anchovies (canned),멸치 (통조림),6.0,"조미료, 소스 및 통조림",,,1825.0,"anchovies,anchovy,canned anchovies"
Radicchio,Radicchio,19.0,생산 - 신선한 야채,,,,radicchio
Prosciutto,prosciutto,12.0,고기 - 훈제 또는 가공,,,,prosciutto
"Ham (uncured, fresh, cooked)","햄 (uncured, 신선, 요리)",12.0,고기 - 훈제 또는 가공,,,,"ham,uncured,fresh,cooked,uncured ham,fully cooked,fully cooked uncured ham"
"Ham (uncured, fresh, uncooked)","햄 (uncured, 신선, 요리되지 않은)",10.0,고기 - 신선한,,,,"ham,uncured,fresh,uncooked,uncured ham,uncured ham uncooked"
Arugula,arugula,19.0,생산 - 신선한 야채,,,,"arugula,greens,salad greens,salad"
Mung bean (sprouts),녹두 (새싹),9.0,"곡물, 콩 및 파스타",,,,"sprouted mung beans,sprouted mung bean,sprout,mung beans,mung bean,mung,bean,mungbean,sprouts"
"Mung bean (dry, foodgrade bags)","녹두 (건조, 식량 등급 가방)",9.0,"곡물, 콩 및 파스타",,,365.0,"mung beans,mung bean,mung,bean,dry mung beans,dry,bag,bagged mung beans"
"Mung bean (dry, vacuumsealed)","녹두 (건조, 진공 청소기)",9.0,"곡물, 콩 및 파스타",,,3285.0,"mung beans,mung bean,mung,bean,dry mung beans,dry,vacuum sealed,vacuum sealed mung beans"
Croutons,크루통,23.0,선반 안정적인 음식,,,165.0,"croutons,crouton,bread"
Bacon (uncured),베이컨 (uncured),12.0,고기 - 훈제 또는 가공,,,,"uncured bacon,nitrite-free bacon,natural bacon,uncured,nitrite-free,nitrite,natural,bacon"
"Mustard (dried, ground)","머스타드 (말린, 땅)",23.0,선반 안정적인 음식,,,180.0,"mustard,dried mustard,ground mustard,dried ground mustard"
